NOME,BAIRRO,RPA,REGIÃO,ENDEREÇO,LATITUDE,LONGITUDE,bairro_normalizado
ACAD UR5,IBURA,6,SUL,"R. Padre Manuel Ribeiro da Rocha, 81 - Lagoa Encantada, Recife - PE, 51300-420, Brazil",-8.13229801512888,-34.9487064475109,IBURA
ACADEMIA CIDADE BARRO-01,BARRO,5,SUDESTE,"R. Padre Diogo Rodrigues, 531a - Barro, Recife - PE, 50900-110, Brazil",-8.08978290659485,-34.9402937734856,BARRO
ACADEMIA CIDADE MADALENA-01,MADALENA,4,OESTE,"Av. Beira Rio, 865 - Madalena, Recife - PE, 50610-100, Brazil",-8.0465098118939,-34.9040884790076,MADALENA
ACADEMIA CIDADE SAN MARTIN-01,SAN MARTIN,5,SUDESTE,"Av. Gen. San Martin, S/N - San Martin, Recife - PE, 50761-000, Brazil",-8.06693000365817,-34.9274064299941,SAN MARTIN
ARRAIAL BOM JESUS-01,CORDEIRO,4,OESTE,"R. Dezesseis de Outubro, 820 - Cordeiro, Recife - PE, 50640-021, Brazil",-8.05723432338562,-34.9312732357951,CORDEIRO
ASSEMBLEIA DEUS MINISTERIO GUARA-01,COHAB,6,SUL,"Av. Chapada do Araripe, 43 - COHAB, Recife - PE, 54280-820, Brazil",-8.11983519870557,-34.9601405549357,COHAB
AV ALFREDO LISBOA-01,SANTO ANTONIO,1,CENTRO,"R. da Moeda, nº46 - Recife, PE, 50030-040, Brazil",-8.06447496945702,-34.8720588907599,SANTO ANTONIO
AV GUARARAPES CORREIOS-01,SANTO ANTONIO,1,CENTRO,"Av. Guararapes, 1 - Santo Antônio, Recife - PE, 50060-001, Brazil",-8.06265117430159,-34.8803188970346,SANTO ANTONIO
AV MARQUES DE OLINDA-01,SANTO ANTONIO,1,CENTRO,"Av. Marquês de Olinda, 11 - Recife, PE, 50030-000, Brazil",-8.06326762722778,-34.871644154191,SANTO ANTONIO
AV RIO BRANCO-01,SANTO ANTONIO,1,CENTRO,"Av. Rio Branco, 126 - Recife, PE, 50030-900, Brazil",-8.06268036279988,-34.8725317935405,SANTO ANTONIO
AV RIO BRANCO-02,SANTO ANTONIO,1,CENTRO,"Av. Rio Branco, 126 - Recife, PE, 50030-900, Brazil",-8.06268036279988,-34.8725317935406,SANTO ANTONIO
AV RIO BRANCO-03,SANTO ANTONIO,1,CENTRO,"Av. Rio Branco, 126 - Recife, PE, 50030-900, Brazil",-8.06268036279988,-34.8725317935408,SANTO ANTONIO
AV RIO BRANCO-04,SANTO ANTONIO,1,CENTRO,"R. do Bom Jesus, 20 - Recife, PE, 50030-170, Brazil",-8.06292467917682,-34.8717003126898,SANTO ANTONIO
BLOCO GALINHA NA VARA-01,BARRO,5,SUDESTE,"Tv. des Pedro Ribeiro Malta, 240 - Barro, Recife - PE, 51275-000, Brazil",-8.10776565487944,-34.9496541986468,BARRO
BOMBA DO HEMETERIO,BOMBA DO HEMETERIO,2,NORTE,"R. Bomba do Hemetério, 403 - Bomba do Hemetério, Recife - PE, 52111-070, Brazil",-8.02199761925098,-34.9001748220899,BOMBA DO HEMETERIO
CALCADA DO NAUTICO,AFLITOS,3,NOROESTE,"Avenida Cons, o - Av. Conselheiro Rosa e Silva, 1086 - Aflitos, Recife - PE, 52050-340, Brazil",-8.0415766,-34.8975023,AFLITOS
CAMPO DE SALINAS-01,AREIAS,5,SUDESTE,"R. Sen. Thomaz Lobo, 5218 - Areias, Recife - PE, 50860-390, Brazil",-8.09539631015151,-34.9231207351573,AREIAS
CAMPO DO 11-01,SANTO AMARO,1,CENTRO,"R. Guaraí, 137 - Santo Amaro, Recife - PE, 50110-045, Brazil",-8.04164199976146,-34.879012784855,SANTO AMARO
CAMPO DO 11-02,SANTO AMARO,1,CENTRO,"R. Guaraí, 67 - Santo Amaro, Recife - PE, 50110-045, Brazil",-8.04154904556488,-34.8789383535543,SANTO AMARO
CEMITERIO CASA AMARELA -01,CASA AMARELA,3,NOROESTE,"Largo de Casa Amarela, 10 - Casa Amarela, Recife - PE, 52070-340, Brazil",-8.02566260915291,-34.9183863401413,CASA AMARELA
CEMITERIO PQ DAS FLORES-01,CURADO,5,SUDESTE,"Av. Liberdade, 1284-1314 - Sancho, Recife - PE, Brasil - Curado, Recife - PE, 50920-683, Brazil",-8.08168576023712,-34.9611675739288,CURADO
CEMITERIO STO AMARO-01,SANTO AMARO,1,CENTRO,"R. do Pombal, 297 - Santo Amaro, Recife - PE, 50100-170, Brazil",-8.05060907273065,-34.8841881752014,SANTO AMARO
CEMITERIO STO AMARO-02,SANTO AMARO,1,CENTRO,"R. do Pombal, 297 - Santo Amaro, Recife - PE, 50100-170, Brazil",-8.05060907273065,-34.8841881752014,SANTO AMARO
CEMITERIO VARZEA-01,VARZEA,4,OESTE,"Av. Prof. Artur de Sá, sn - Cidade Universitária, Recife - PE, 50740-520, Brazil",-8.04573569596928,-34.952919781208,VARZEA
CMPZ. MIG. ARRAES (Prc da Inffância),CAXANGA,4,OESTE,"Av. Caxangá com R. Fausto Cardoso - Madalena - Madalena, Recife - PE, 50610-390, Brazil",-8.05457775714707,-34.9141125288355,CAXANGA
COHAB ESCORREGOU TA DENTRO,CORDEIRO,4,OESTE,"R. Odete Monteiro, 106 - Cordeiro, Recife - PE, 50711-440, Brazil",-8.04432858048747,-34.92316846861,CORDEIRO
COMPAZ PAULO FREIRE (IBURA)-01,IBURA,6,SUL,"Ladeira da Cohab, 56 - Ibura, Recife - PE, 51280-000, Brazil",-8.11851316803163,-34.9458732509264,IBURA
COMPAZ PAULO FREIRE (IBURA)-02,IBURA,6,SUL,"Ladeira da Cohab, 56 - Ibura, Recife - PE, 51280-000, Brazil",-8.1185450319675,-34.9458839797626,IBURA
COMPAZ PAULO FREIRE (IBURA)-03,IBURA,6,SUL,"Ladeira da Cohab, 28 - Ibura, Recife - PE, 51290-000, Brazil",-8.11868572785148,-34.9457322576722,IBURA
COMPAZ PAULO FREIRE (IBURA)-04,IBURA,6,SUL,"R. Galo de Campína, 43 - COHAB, Recife - PE, 51290-609, Brazil",-8.11862166666255,-34.9454487137056,IBURA
COMUNIDADE CHIE-01,IPSEP,6,SUL,"R. Macaé, 122 - Torrões, Recife - PE, 51350-140, Brazil",-8.10540771410873,-34.9215708525791,IPSEP
COMUNIDADE CHIE-02,IPSEP,6,SUL,"R. Macaé, 165 - Torrões, Recife - PE, 51350-140, Brazil",-8.10525390234982,-34.9213802696256,IPSEP
COMUNIDADE CHIE-03,IPSEP,6,SUL,"R. Macaé, 122b - Torrões, Recife - PE, 51350-140, Brazil",-8.10493312535162,-34.9214361828161,IPSEP
COMUNIDADE CHIE-04,IPSEP,6,SUL,"R. Blumenau, 648 - Ipsep, Recife - PE, 51350-190, Brazil",-8.10472260243975,-34.9223701982897,IPSEP
COMUNIDADE CHIE-05,IPSEP,6,SUL,"R. Rio Jaratuba, 25 - Ipsep, Recife - PE, 51350-150, Brazil",-8.10502000927669,-34.9225311308317,IPSEP
COMUNIDADE CHIE-06,IPSEP,6,SUL,"R. Rio Doce, 223 - Ipsep, Recife - PE, 51350-130, Brazil",-8.10470473780148,-34.9201782675372,IPSEP
COMUNIDADE PORTELINHA-01,IPSEP,6,SUL,"R. Macaé, 122b - Torrões, Recife - PE, 51350-140, Brazil",-8.10472185099995,-34.9212654580946,IPSEP
COMUNIDADE PORTELINHA-02,IPSEP,6,SUL,"R. Macaé, 117 - Torrões, Recife - PE, 51350-140, Brazil",-8.10484861562426,-34.921836729278,IPSEP
COMUNIDADE PORTELINHA-03,IPSEP,6,SUL,"R. Virgínia Heráclio, 739 - Ipsep, Recife - PE, 51350-250, Brazil",-8.10592147095195,-34.9234127867679,IPSEP
COMUNIDADE PORTELINHA-04,IPSEP,6,SUL,"R. Virgínia Heráclio, 739 - Ipsep, Recife - PE, 51350-250, Brazil",-8.10592147095195,-34.9234127867679,IPSEP
COMUNIDADE PORTELINHA-05,IPSEP,6,SUL,"R. Virgínia Heráclio, 739 - Ipsep, Recife - PE, 51350-250, Brazil",-8.10592147095195,-34.9234127867679,IPSEP
COMUNIDADE SETE DE MAIO,IMBIRIBEIRA,6,SUL,"Rua Sargto.Silvio Delmar Holhembch - Imbiribeira, Recife - PE, 51150-000, Brazil",-8.1036182,-34.9091862,IMBIRIBEIRA
CONJ HAB VIA MANGUE-01,BOA VIAGEM,6,SUL,"R. Jemil Asfora, 160 - Pina, Recife - PE, 51110-200, Brazil",-8.0876077,-34.8928378,BOA VIAGEM
CONJ HAB VIA MANGUE-02,BOA VIAGEM,6,SUL,"R. Amador Bueno, 18 - Pina, Recife - PE, 51110-310, Brazil",-8.0884771,-34.8966573,BOA VIAGEM
EMLURB SEDE-01,BOA VISTA,1,CENTRO,"Av. Governador Carlos de Lima Cavalcanti, 1 - Boa Vista, Recife - PE, 50070-110, Brazil",-8.05625884869958,-34.8953973301561,BOA VISTA
ESCOLA PROFISSIONAL DE AREIAS-01,AREIAS,5,SUDESTE,"R. Ipojuca, 257 - Areias, Recife - PE, 50780-010, Brazil",-8.09407540005368,-34.9359035578059,AREIAS
ESCOLA SOCIAL DA COMUNIDADE BEM-01,IMBIRIBEIRA,6,SUL,"R. B, 23 - Imbiribeira, Recife - PE, 51150-290, Brazil",-8.10458557003434,-34.9066710982661,IMBIRIBEIRA
EXPOSICAO DO CORDEIRO-01,CORDEIRO,4,OESTE,"Baobá - Av. Gov. Paulo Pessoa Guerra - Cordeiro, Recife - PE, 50711-490, Brazil",-8.0444751,-34.9253497,CORDEIRO
FORTE DO BRUM-01,SANTO ANTONIO,1,CENTRO,"Porto Digital do - Recife, PE, 50030-230, Brazil",-8.05374599241129,-34.8708103049242,SANTO ANTONIO
HABITACIONAL ENCANTA MOCA-01,PINA,6,SUL,"R. José Rodrigues, 85 - Pina, Recife - PE, 51011-480, Brazil",-8.09700161921519,-34.8891990491791,PINA
HABITACIONAL ENCANTA MOCA-02,PINA,6,SUL,"R. José Rodrigues, 160 - Pina, Recife - PE, 51011-400, Brazil",-8.09610366363759,-34.8901132631572,PINA
HABITACIONAL SERGIO LORETO-01,SAO JOSE,1,CENTRO,"Praça Sérgio Lorêto, 1044 - São José, Recife - PE, 50020-200, Brazil",-8.07181226608559,-34.885130163475,SAO JOSE
HABITACIONAL TRAVESSA DO GUSMAO-01,SAO JOSE,1,CENTRO,"Tv. do Gusmão, 91 - São José, Recife - PE, 50020-520, Brazil",-8.07235701995706,-34.8872913536394,SAO JOSE
HOSPITAL VETERINARIO DO RECIFE-01,CORDEIRO,4,OESTE,"Av. Prof. Estevão F. da Costa, 23 - Cordeiro, Recife - PE, 50620-450, Brazil",-8.04437368837036,-34.9201174644189,CORDEIRO
ILHA DE DEUS-01,IMBIRIBEIRA,6,SUL,"R. Vila Neto, 30 - Pina, Recife - PE, 51110-430, Brazil",-8.087505,-34.900726,IMBIRIBEIRA
JARDIM BOTANICO-01,CURADO,5,SUDESTE,"Av. Getúlio Vargas, 1251 - Curado - Curado, Recife - PE, 50950-000, Brazil",-8.07531971958836,-34.9655562574108,CURADO
LAGOA DO ARACA-01,IMBIRIBEIRA,6,SUL,"R. Eng. José Brandão Cavalcante, 770-778 - Imbiribeira, Recife - PE, 51170-130, Brazil",-8.09271158293552,-34.9158625900914,IMBIRIBEIRA
LARGO DA ENCRUZILHADA-01,ENCRUZILHADA,2,NORTE,"R. Dr. José Maria, 52 - Encruzilhada, Recife - PE, 52081-430, Brazil",-8.0371559,-34.8919026,ENCRUZILHADA
LUIS INACIO PESSOA DE MELO,ROSARINHO,2,NORTE,"R. Couto Magalhães, S/N - Rosarinho, Recife - PE, 52041-330, Brazil",-8.0306641,-34.8948969,ROSARINHO
MERCADO AFOGADOS-01,AFOGADOS,5,SUDESTE,"Mercado Público-Box 357 - Estr. dos Remédios, S/N - Afogados, Recife - PE, 50770-120, Brazil",-8.07808351698442,-34.9064205600521,AFOGADOS
MERCADO BOA VISTA-01,BOA VISTA,1,CENTRO,"R. da Santa Cruz, 140 - Boa Vista, Recife - PE, 50060-230, Brazil",-8.06302976677828,-34.8887334027861,BOA VISTA
MERCADO BOA VISTA-02,BOA VISTA,1,CENTRO,"R. da Santa Cruz, 140 - Boa Vista, Recife - PE, 50060-230, Brazil",-8.06302976677828,-34.8887334027861,BOA VISTA
MERCADO BOA VISTA-03,BOA VISTA,1,CENTRO,"R. da Santa Cruz, 140 - Boa Vista, Recife - PE, 50060-230, Brazil",-8.06302976677828,-34.8887334027862,BOA VISTA
MERCADO CASA AMARELA-01,CASA AMARELA,3,NOROESTE,"R. Padre Lemos, 91-147 - Casa Amarela, Recife - PE, 52070-240, Brazil",-8.025808817359,-34.9177188583731,CASA AMARELA
MERCADO CASA AMARELA-02,CASA AMARELA,3,NOROESTE,"R. Padre Lemos, 88 - Casa Amarela, Recife - PE, 52070-200, Brazil",-8.0258965539659,-34.9177300947022,CASA AMARELA
MERCADO CASA AMARELA-03,CASA AMARELA,3,NOROESTE,"R. Padre Lemos, 86 - Casa Amarela, Recife - PE, 52070-200, Brazil",-8.02595865355741,-34.9177041901101,CASA AMARELA
MERCADO CASA AMARELA-04,CASA AMARELA,3,NOROESTE,"R. Padre Lemos, 94 - Box 95-96 - Casa Amarela, Recife - PE, 52070-200, Brazil",-8.02594078661722,-34.9172373099013,CASA AMARELA
MERCADO CASA AMARELA-05,CASA AMARELA,3,NOROESTE,"R. Padre Lemos, 94 - Box 95-96 - Casa Amarela, Recife - PE, 52070-200, Brazil",-8.02584140174805,-34.9172666308806,CASA AMARELA
MERCADO CASA AMARELA-06,CASA AMARELA,3,NOROESTE,"Mercado Público de Casa Amarela - box 27 - R. Padre Lemos - Casa Amarela, Recife - PE, 52070-200, Brazil",-8.02572749995797,-34.9172418208212,CASA AMARELA
MERCADO CORDEIRO-01,CORDEIRO,4,OESTE,"Av. Gen. San Martin, 163 - Jiquiá, Recife - PE, 50630-060, Brazil",-8.0515331524673,-34.9216563633609,CORDEIRO
MERCADO CORDEIRO-02,CORDEIRO,4,OESTE,"Rua Honório Correia, 251 - Cordeiro, Recife - PE, 50630-050, Brazil",-8.05170666249303,-34.9217609624722,CORDEIRO
MERCADO CORDEIRO-03,CORDEIRO,4,OESTE,"Rua Honório Correia, 251 - Cordeiro, Recife - PE, 50630-050, Brazil",-8.05188689763484,-34.921822091823,CORDEIRO
MERCADO CORDEIRO-04,CORDEIRO,4,OESTE,"R. Nissin Bensoussan, 136 - Cordeiro, Recife - PE, 50630-030, Brazil",-8.05164863510342,-34.9214489644981,CORDEIRO
MERCADO CORDEIRO-05,CORDEIRO,4,OESTE,"Av. Gen. San Martin, S/n - Cordeiro, Recife - PE, 50630-030, Brazil",-8.05169555500272,-34.9214187453745,CORDEIRO
MERCADO DOS COELHOS-01,COELHOS,1,CENTRO,"R. Dr. José Mariano, S/N - Boa Vista, Recife - PE, 50060-290, Brazil",-8.06584949666541,-34.8878464263196,COELHOS
MERCADO ENCRUZILHADA-01,ENCRUZILHADA,2,NORTE,"R. Dr. José Maria, 616 - Encruzilhada, Recife - PE, 52041-015, Brazil",-8.03565480664902,-34.8974258112478,ENCRUZILHADA
MERCADO ENCRUZILHADA-02,ENCRUZILHADA,2,NORTE,"R. Dr. José Maria, 616 - Encruzilhada, Recife - PE, 52041-015, Brazil",-8.03565480664902,-34.8974258112478,ENCRUZILHADA
MERCADO ENCRUZILHADA-03,ENCRUZILHADA,2,NORTE,"Mercado da Encruzilhada - R. Dr. José Maria, s/n - box 220 - Encruzilhada, Recife - PE, 52041-015, Brazil",-8.03662616550316,-34.8922432174038,ENCRUZILHADA
MERCADO ENCRUZILHADA-04,ENCRUZILHADA,2,NORTE,"R. Dr. José Maria, 616 - Encruzilhada, Recife - PE, 52041-015, Brazil",-8.03565480664902,-34.8974258112479,ENCRUZILHADA
MERCADO ENCRUZILHADA-05,ENCRUZILHADA,2,NORTE,"R. Dr. José Maria, 616 - Encruzilhada, Recife - PE, 52041-015, Brazil",-8.03565480664902,-34.8974258112479,ENCRUZILHADA
MERCADO ENCRUZILHADA-06,ENCRUZILHADA,2,NORTE,"R. Dr. José Maria, 616 - Encruzilhada, Recife - PE, 52041-015, Brazil",-8.03565480664902,-34.8974258112479,ENCRUZILHADA
MERCADO ENCRUZILHADA-07,ENCRUZILHADA,2,NORTE,"R. Dr. José Maria, 616 - Encruzilhada, Recife - PE, 52041-015, Brazil",-8.03565480664902,-34.8974258112479,ENCRUZILHADA
MERCADO ENCRUZILHADA-08,ENCRUZILHADA,2,NORTE,"R. Dr. José Maria, 616 - Encruzilhada, Recife - PE, 52041-015, Brazil",-8.03565480664902,-34.8974258112479,ENCRUZILHADA
MERCADO MADALENA-01,MADALENA,4,OESTE,"R. Real da Torre, 521 - Madalena, Recife - PE, 50610-000, Brazil",-8.05239831426946,-34.9086483451154,MADALENA
MERCADO MADALENA-02,MADALENA,4,OESTE,"Rua Real da Torre, Mercado da Madalena - Box 61 a 66 - Madalena - Madalena, Recife - PE, 50610-000, Brazil",-8.05222085473404,-34.9085671904131,MADALENA
MERCADO MADALENA-03,MADALENA,4,OESTE,"R. Dr. João Coimbra, 1 - Madalena, Recife - PE, 50610-310, Brazil",-8.05223134230499,-34.9087551984114,MADALENA
MERCADO MADALENA-04,MADALENA,4,OESTE,"R. Real da Torre, 521 - Madalena, Recife - PE, 50610-000, Brazil",-8.05213564320988,-34.9085592464132,MADALENA
MERCADO MADALENA-05,MADALENA,4,OESTE,"Rua Real Torre - s/n bx 34/35 - Madalena, Recife - PE, 50610-000, Brazil",-8.05255514592487,-34.9088161024108,MADALENA
MERCADO MADALENA-06,MADALENA,4,OESTE,"R. Real da Torre, 521 - Madalena, Recife - PE, 50610-000, Brazil",-8.05213171036987,-34.9085393864134,MADALENA
MERCADO MADALENA-07,MADALENA,4,OESTE,"R. Real da Torre, 521 - Madalena, Recife - PE, 50610-000, Brazil",-8.05263401194334,-34.9086196872925,MADALENA
MERCADO MADALENA-08,MADALENA,4,OESTE,"Rua Real da Torre, Mercado da Madalena - Box 61 a 66 - Madalena - Madalena, Recife - PE, 50610-000, Brazil",-8.05225523542391,-34.9085292325091,MADALENA
MERCADO SANTA RITA-01,SAO JOSE,1,CENTRO,"Cais Santa Rita, 626 - São José, Recife - PE, 50020-705, Brazil",-8.07096773205401,-34.8769407877391,SAO JOSE
MERCADO SANTA RITA-02,SAO JOSE,1,CENTRO,"Cais Santa Rita, 626 - São José, Recife - PE, 50020-705, Brazil",-8.07096773205401,-34.8769407877391,SAO JOSE
MERCADO SANTA RITA-03,SAO JOSE,1,CENTRO,"Cais Santa Rita, 626 - São José, Recife - PE, 50020-705, Brazil",-8.07096773205401,-34.8769407877391,SAO JOSE
MERCADO SANTA RITA-04,SAO JOSE,1,CENTRO,"Cais Santa Rita, 626 - São José, Recife - PE, 50020-705, Brazil",-8.07096773205401,-34.8769407877391,SAO JOSE
MERCADO SANTA RITA-05,SAO JOSE,1,CENTRO,"Cais Santa Rita, 626 - São José, Recife - PE, 50020-705, Brazil",-8.07096773205401,-34.8769407877391,SAO JOSE
MERCADO SAO JOSE-01,SAO JOSE,1,CENTRO,"Praça Dom Vital, s/n - bx 73/74 - São José, Recife - PE, 50020-280, Brazil",-8.06858846373088,-34.8780178180765,SAO JOSE
MERCADO SAO JOSE-02,SAO JOSE,1,CENTRO,"R. do Porão, 166 - São José, Recife - PE, 50020-610, Brazil",-8.06806527006992,-34.8776666876626,SAO JOSE
MERCADO SAO JOSE-03,SAO JOSE,1,CENTRO,"Praça Dom Vital, s/n - bx 73/74 - São José, Recife - PE, 50020-280, Brazil",-8.06858846373088,-34.8780178180765,SAO JOSE
MERCADO SAO JOSE-04,SAO JOSE,1,CENTRO,"R. da Praia, 470 - São José, Recife - PE, 50020-550, Brazil",-8.06878317369197,-34.8774747381467,SAO JOSE
MERCADO SAO JOSE-05,SAO JOSE,1,CENTRO,"R. da Praia, 248 - São José, Recife - PE, 50020-550, Brazil",-8.06857044074449,-34.8773734220724,SAO JOSE
MERCADO SAO JOSE-06,SAO JOSE,1,CENTRO,"Praça Dom Vital, 193 - São José, Recife - PE, 50020-906, Brazil",-8.06843553686611,-34.8773175235486,SAO JOSE
MERCADO SAO JOSE-07,SAO JOSE,1,CENTRO,"Praça Dom Vital, 346 - São José, Recife - PE, 50020-280, Brazil",-8.06827641941324,-34.8776511678623,SAO JOSE
ORLA BOA VIAGEM - 1 JARDIM-01,BOA VIAGEM,6,SUL,"Av. Boa Viagem, 3196 - Boa Viagem, Recife - PE, 51020-001, Brazil",-8.10499602183443,-34.886986964158,BOA VIAGEM
ORLA BOA VIAGEM - 2 JARDIM-01,BOA VIAGEM,6,SUL,"Terceiro Jardim da Boa Viagem, Terceiro Jardim de Boa Viagem - 34 - Boa Viagem, Recife - PE, 51011-000, Brazil",-8.10821400924063,-34.888495605755,BOA VIAGEM
ORLA BOA VIAGEM - 3 JARDIM-01,BOA VIAGEM,6,SUL,"Terceiro Jardim da Boa Viagem, Terceiro Jardim de Boa Viagem - 34 - Boa Viagem, Recife - PE, 51011-000, Brazil",-8.10821966055982,-34.8884953341302,BOA VIAGEM
ORLA BOA VIAGEM - QUIOSQUE 16-01,BOA VIAGEM,6,SUL,"Av. Boa Viagem, 16 - Boa Viagem, Recife - PE, 51011-000, Brazil",-8.11376211486535,-34.8909100073467,BOA VIAGEM
ORLA BOA VIAGEM - QUIOSQUE 18-01,BOA VIAGEM,6,SUL,"PE-009, 18 - Boa Viagem, Recife - PE, 51020-000, Brazil",-8.115503540914,-34.8920970516267,BOA VIAGEM
ORLA BOA VIAGEM - QUIOSQUE 20-01,BOA VIAGEM,6,SUL,"Av. Boa Viagem, 20 - Boa Viagem, Recife - PE, 51011-000, Brazil",-8.11683648231502,-34.8928982670027,BOA VIAGEM
ORLA BOA VIAGEM - QUIOSQUE 22-01,BOA VIAGEM,6,SUL,"Av. Boa Viagem, 22 - Boa Viagem, Recife - PE, 51011-000, Brazil",-8.11838650862226,-34.8937715507278,BOA VIAGEM
ORLA BOA VIAGEM - QUIOSQUE 24-01,BOA VIAGEM,6,SUL,"Av. Boa Viagem, 3478 - Boa Viagem, Recife - PE, 51020-001, Brazil",-8.12013242687217,-34.8950420789902,BOA VIAGEM
ORLA BOA VIAGEM - QUIOSQUE 26-01,BOA VIAGEM,6,SUL,"PE-009, 3672 - Boa Viagem, Recife - PE, 51021-280, Brazil",-8.12183794643355,-34.895767907012,BOA VIAGEM
ORLA BOA VIAGEM - QUIOSQUE 28-01,BOA VIAGEM,6,SUL,"PE-009, 28 - Boa Viagem, Recife - PE, 51030-000, Brazil",-8.12327185712116,-34.8964007002856,BOA VIAGEM
ORLA BOA VIAGEM - QUIOSQUE 30-01,BOA VIAGEM,6,SUL,"Av. Boa Viagem, 30 - Boa Viagem, Recife - PE, 51011-000, Brazil",-8.12503692143915,-34.897062153149,BOA VIAGEM
ORLA BOA VIAGEM - QUIOSQUE 3-01,BOA VIAGEM,6,SUL,"R. Cap. Rebelinho, 447 - Pina, Recife - PE, 51011-010, Brazil",-8.09502404321073,-34.8837567793939,BOA VIAGEM
ORLA BOA VIAGEM - QUIOSQUE 32-01,BOA VIAGEM,6,SUL,"Av. Boa Viagem, 32 - Boa Viagem, Recife - PE, 51011-000, Brazil",-8.12694801197613,-34.8976644485827,BOA VIAGEM
ORLA BOA VIAGEM - QUIOSQUE 33-01,BOA VIAGEM,6,SUL,"Av. Boa Viagem, 33 - Boa Viagem, Recife - PE, 51011-000, Brazil",-8.12835892393216,-34.8981396689421,BOA VIAGEM
ORLA BOA VIAGEM - QUIOSQUE 38-01,BOA VIAGEM,6,SUL,"Av. Boa Viagem, 38 - Boa Viagem, Recife - PE, 51011-000, Brazil",-8.13349501260478,-34.9004767231395,BOA VIAGEM
ORLA BOA VIAGEM - QUIOSQUE 45-01,BOA VIAGEM,6,SUL,"Av. Boa Viagem, 45 - Boa Viagem, Recife - PE, 51011-000, Brazil",-8.13887062353118,-34.9023605003133,BOA VIAGEM
PATIO SAO PEDRO - CASA 10-01,SÃO JOSË,1,CENTRO,"R. Felipe Camarão, 119 - São José, Recife - PE, 50020-250, Brazil",-8.0670234,-34.8789351,SAO JOSE
PATIO SAO PEDRO - CASA CARNAVAL-01,SAO JOSE,1,CENTRO,"R. das Águas Verdes, 38 - São José, Recife - PE, 50020-545, Brazil",-8.06702177009843,-34.8791909095792,SAO JOSE
PC  ENTRONCAMENTO-02,GRAÇAS,3,NOROESTE,"Av. Rui Barbosa, 879 - Graças, Recife - PE, 52011-040, Brazil",-8.0454534,-34.9020349,GRACAS
PC  HENJI GEMBA,BOA VIAGEM,6,SUL,"Praça da Morte - R. Felíciano José de Farias, 157 - Boa Viagem, Recife - PE, 51030-450, Brazil",-8.1329263,-34.9043207,BOA VIAGEM
PC ABC-01,MUSTARDINHA,5,SUDESTE,"Rua Ernesto Cavalcanti, 41 - Mustardinha, Recife - PE, 50760-002, Brazil",-8.07384414367507,-34.9181010268781,MUSTARDINHA
PC ABELARDO BALTAR-01,PINA,6,SUL,"Praça Abelardo Baltar, 55 - Pina, Recife - PE, 51010-610, Brazil",-8.087275,-34.8831019,PINA
PC ABELARDO RIJO-01,CABANGA,1,CENTRO,"Clube Cabaga - Av. Eng. José Estelita - Cabanga - Cabanga, Recife - PE, 50090, Brazil",-8.0781686,-34.891742,CABANGA
PC AEREO XAVIER,CORDEIRO,4,OESTE,"R. Dom José Pereira Alves, 250 - Cordeiro, Recife - PE, 50721-020, Brazil",-8.050299,-34.9262634,CORDEIRO
PC ALBERTO VANDERLE,PORTO DA MADEIRA,2,NORTE,"Praça Dr. Alberto Wanderley - Fundão - Porto da Madeira, Recife - PE, 52221-180, Brazil",-8.0094005,-34.8887121,PORTO DA MADEIRA
PC ALEIXO DE OLIVEIRA-01,IPSEP,6,SUL,"R. Adolfo Faro, 1 - Ipsep, Recife - PE, 51350-420, Brazil",-8.1123306,-34.9243101,IPSEP
PC ALFREDO OZARIO,TAMARINEIRA,3,NOROESTE,"R. São Vicente, 228 - Tamarineira, Recife - PE, 52051-160, Brazil",-8.02837823194217,-34.9059248455327,TAMARINEIRA
PC ALICE DE ALBUQUERQUE-01,CAJUEIRO,2,NORTE,"R. Adolfo Simões Barbosa, 729 - Cajueiro, Recife - PE, 52221-150, Brazil",-8.0125194,-34.8837992,CAJUEIRO
PC ALTO DA SERRINHA-01,ALTO SANTA TEREZINHA,2,NORTE,"R. Alto da Serrinha, 996 - Alto José Bonifacio, Recife - PE, 52080-290, Brazil",-8.0129213,-34.9107823,ALTO SANTA TEREZINHA
PC ALTO JOSE DO PINHO-01,ALTO JOSE DO PINHO,3,NOROESTE,"R. Severino Bernardino Pereira, 351 - Alto José do Pinho, Recife - PE, 52110-460, Brazil",-8.02233143262583,-34.906250881298,ALTO JOSE DO PINHO
PC AMARO ALBINO PIMENTEL-01,TAMARINEIRA,3,NOROESTE,"R. Eng. Agamenon Magalhães de Melo, 64 - Tamarineira, Recife - PE, 52050-552, Brazil",-8.0293038,-34.8972384,TAMARINEIRA
PC ANTONIO BEZERRA PONTES,AREIAS,5,SUDESTE,"Praça do Sena, 163 - Areias, Recife - PE, 50870-782, Brazil",-8.0967943,-34.9339466,AREIAS
PC ANTONIO LUIZ NETO,ARURDA,2,NORTE,"R. Desportista Valdir Santana, 65 - Ponto de Parada, Recife - PE, 52041-450, Brazil",-8.028103,-34.8906076,ARURDA
PC ARAO BOTLER,CAJUEIRO,2,NORTE,"Rua Cidade Monteiro, 380 - Porto da Madeira, Recife - PE, 52221-210, Brazil",-8.007036,-34.8870998,CAJUEIRO
PC ARARI FERREIRA FONSECA-01,IPUTINGA,4,OESTE,"R. José Peregrino, 33 - Iputinga, Recife - PE, 50690-370, Brazil",-8.0306268,-34.9362843,IPUTINGA
PC ARENA ESTANCIA-01,ESTÂNCIA,5,SUDESTE,"R. Rocha Pombo, 26 - Estância, Recife - PE, 50865-090, Brazil",-8.0823729,-34.9317705,ESTANCIA
PC ARQUITETA MARIA LUCIA-01,IPSEP,6,SUL,"Praça Maria Lúcia - R. Américo de Campos, 87 - Ipsep, Recife - PE, 51350-590, Brazil",-8.10388164233312,-34.9267712807008,IPSEP
PC ARSENAL-01,SANTO ANTONIO,1,CENTRO,"Praça do Arsenal da Marinha, S. n. Predio do Paço do Frevo, 1o. Andar - Recife, PE, 50030-210, Brazil",-8.06098721562961,-34.8712754394942,SANTO ANTONIO
PC ASCENCAO FERREIRA-01,SANTO ANTONIO,1,CENTRO,"R. Me. de Deus, 243 - Recife, PE, 50030-110, Brazil",-8.0624949,-34.8736728,SANTO ANTONIO
PC BATALHA DA QUADRA-01,POCO DA PANELA,3,NOROESTE,"Estr. Real do Poço, 494 - Poço da Panela, Recife - PE, 52061-200, Brazil",-8.03661806617319,-34.9248201305151,POCO DA PANELA
PC BATISTA DA SILVA-01,TORRE,4,OESTE,"R. Prof. Trajano de Mendonça, 340 - Torre, Recife - PE, 50710-200, Brazil",-8.0440251,-34.9093407,TORRE
PC BERARDO-01,MADALENA,4,OESTE,"R. João Crescêncio, 109 - Madalena, Recife - PE, 50720-300, Brazil",-8.05657953948613,-34.9124950348305,MADALENA
PC BRASILIT-01,VARZEA,4,OESTE,"R. Eng. Vasconcelos Bittencourt, 86 - Várzea, Recife - PE, 50740-180, Brazil",-8.0414278,-34.9503072,VARZEA
PC BURACO DA GATA (QUADRA 3 CARNEIROS)-01,COHAB,6,SUL,"R. Cap. João de Albuquerque, 10 - Ibura Ur Quatro, Recife - PE, 51320-660, Brazil",-8.12872113745269,-34.9469791273667,COHAB
PC CAIS VILA DO VINTEM-02,CASA FORTE,3,NOROESTE,"R. Dr. João Santos Filho, 17 - Parnamirim, Recife - PE, 52060-615, Brazil",-8.03748327818956,-34.9104805693287,CASA FORTE
PC CAIS VILA VINTEM-01,CASA FORTE,3,NOROESTE,"R. Dr. João Santos Filho, 17 - Parnamirim, Recife - PE, 52060-615, Brazil",-8.03748327818956,-34.9104805693287,CASA FORTE
PC CAPIBA - CAJUEIRO,CAJUEIRO,2,NORTE,"R. Urca, 54 - Cajueiro, Recife - PE, 52221-360, Brazil",-8.00885396075627,-34.8853585177254,CAJUEIRO
PC CASA FORTE-01,CASA FORTE,3,NOROESTE,"Empresarial Alcides Fernandes - Praça de Casa Forte, 381 - sala 505 - Casa Forte, Recife - PE, 52061-420, Brazil",-8.03462414516641,-34.9194193892075,CASA FORTE
PC CASA FORTE-02,CASA FORTE,3,NOROESTE,"Praça de Casa Forte, 454 - Casa Forte, Recife - PE, 52061-420, Brazil",-8.03426656953847,-34.9194728620465,CASA FORTE
PC CASA FORTE-03,CASA FORTE,3,NOROESTE,"Praça de Casa Forte, 430 - Casa Forte, Recife - PE, 52061-420, Brazil",-8.03441860373689,-34.9195321848182,CASA FORTE
PC CASA FORTE-04,CASA FORTE,3,NOROESTE,"Praça de Casa Forte, 430 - Casa Forte, Recife - PE, 52061-420, Brazil",-8.03466738684785,-34.9196368720623,CASA FORTE
PC CASA FORTE-05,CASA FORTE,3,NOROESTE,"Praça de Casa Forte, 52 - Casa Forte, Recife - PE, 52061-420, Brazil",-8.03483669748894,-34.919270466708,CASA FORTE
PC CASA FORTE-06,CASA FORTE,3,NOROESTE,"Praça de Casa Forte, 403 - Casa Forte, Recife - PE, 52061-420, Brazil",-8.03431494406233,-34.9190157277473,CASA FORTE
PC CASTRO ALVES-01,ENCRUZILHADA,2,NORTE,"R. Castro Alves, 410 - Torreão, Recife - PE, 52030-060, Brazil",-8.0398078,-34.8870045,ENCRUZILHADA
PC CHICO SCIENCE-01,ILHA DO RETIRO,4,OESTE,"Av. Sport Clube do Recife, 2 - Ilha do Retiro, Recife - PE, 50750-500, Brazil",-8.0619254,-34.9015502,ILHA DO RETIRO
PC CHORA MENINO-01,PAISSANDU,1,CENTRO,"Av. Lins Petit, 3 - Boa Vista, Recife - PE, 50070-230, Brazil",-8.06045532087026,-34.8948385861863,PAISSANDU
PC CICERO DIAS,IBURA,6,SUL,"Praça Artista Plástico Cícero Dias - UR-5 - COHAB, Recife - PE, 51320-130, Brazil",-8.13274941009959,-34.9496957941446,IBURA
PC CIDADE DO PORTO,BOA VIAGEM,6,SUL,"R. Sen. Hélio Coutinho, 214 - Boa Viagem, Recife - PE, 51111-160, Brazil",-8.1058056,-34.8894385,BOA VIAGEM
PC COMP ANTONIO MARIA-01,SANTANA,3,NOROESTE,"R. Afonso de Albuquerque Melo, 101a - Santana, Recife - PE, 52060-450, Brazil",-8.0402063,-34.9147795,SANTANA
PC CONSELHEIRO JOAO ALFREDO-01,MADALENA,4,OESTE,"Pista Local - R. Benfica, 114 - Madalena, Recife - PE, 50720-001, Brazil",-8.0572262,-34.9086446,MADALENA
PC COQUE E ARREDORES-02,JOANA BEZERRA,1,CENTRO,"Pte. José de Barros Lima, 1002 - Ilha Joana Bezerra, Recife - PE, 50030-230, Brazil",-8.06977428266961,-34.8971016625824,JOANA BEZERRA
PC CRISTINA VALENCA-01,BRASÍLIA TEIMOSA,6,SUL,"R. Artur Bernardes, 96 - Brasília Teimosa, Recife - PE, 51010-130, Brazil",-8.0858735,-34.8794689,BRASILIA TEIMOSA
PC CRISTO REI-01,COHAB,6,SUL,"Parque Diamantino - R. Diamantino, 30 - COHAB, Recife - PE, 51340-550, Brazil",-8.1206607,-34.9547272,COHAB
PC DA AMIZADE-01,TORRÕES,4,OESTE,"R. Nossa Sra. da Penha, 90 - Torrões, Recife - PE, 50761-150, Brazil",-8.0651583,-34.934843,TORROES
PC DA AV MAURICIO DE NASSAU-01,CORDEIRO,4,OESTE,"R. Odete Monteiro, 12 - Cordeiro, Recife - PE, 50711-440, Brazil",-8.0434061,-34.9224808,CORDEIRO
PC DA COMUNIDADE,COHAB,6,SUL,"R. Rio Indaiá, 99 - COHAB, Recife - PE, 51280-010, Brazil",-8.1161396,-34.9476455,COHAB
PC DA CONVENCAO-01,BEBERIBE,2,NORTE,"Praça da Convenção, 196 - Beberibe, Recife - PE, 52130-470, Brazil",-8.00261627306729,-34.8973744423293,BEBERIBE
PC DA CRIANCA ALEXANDRA VILMA,COHAB,6,SUL,"R. Dr. Benígno Jordão de Vasconcelos, 736 - COHAB, Recife - PE, 51280-400, Brazil",-8.1193922,-34.9505425,COHAB
PC DA IGREJA-01,COHAB,6,SUL,"R. Quinze de Novembro, 65 - COHAB, Recife - PE, 51345-060, Brazil",-8.114718,-34.9519652,COHAB
PC DA MENTIRA-01,AREIAS,5,SUDESTE,"R. Cap. Amaro Cerqueira, 40 - Areias, Recife - PE, 50870-360, Brazil",-8.0967964,-34.9329006,AREIAS
PC DA QUADRA/VASCO,VASCO DA GAMA,3,NOROESTE,"R. Cassatuba, 69 - Vasco da Gama, Recife - PE, 52081-100, Brazil",-8.0127297,-34.9212696,VASCO DA GAMA
PC DA REDENCAO-01,ENGENHO DO MEIO,4,OESTE,"R. Gov. Lopo Garro, 347 - Engenho do Meio, Recife - PE, 50730-285, Brazil",-8.0555405,-34.9458994,ENGENHO DO MEIO
PC DA RESTAURACAO-01,SÃO JOSÉ,1,CENTRO,"R.Floriano Peixoto, 308 - São José, Recife - PE, 50020-060, Brazil",-8.067591,-34.8831217,SAO JOSE
PC DA RUA AGUA PRETA-01,COHAB,6,SUL,"R. Vitória de Santo Antão, 141 - COHAB, Recife - PE, 51290-370, Brazil",-8.1228931,-34.9472378,COHAB
PC DA RUA CARLOS GOMES-01,PRADO,4,OESTE,"R. Gomes Taborda, 58 - Cordeiro, Recife - PE, 50720-150, Brazil",-8.058709,-34.912475,PRADO
PC DA RUA CLOTILDE DE MACHADO,IPSEP,6,SUL,"Praça do Ipê - R. Dr. Raposo Pinto, 452-500 - Ipsep, Recife - PE, 51350-240, Brazil",-8.108475,-34.9223228,IPSEP
PC DA RUA CORDISLANDIA-01,IPUTINGA,4,OESTE,"R. Dr. Nina Rodrigues, 26 - Iputinga, Recife - PE, 50731-280, Brazil",-8.0396846167993,-34.9347217581835,IPUTINGA
PC DA RUA GUARABIRA,GUABIRABA,3,NOROESTE,"Campo de Futebol - Imbiribeira, Recife - PE, 51160-060, Brazil",-8.1141725,-34.9075084,GUABIRABA
PC DA RUA JOAQUIM DE BRITO-01,ILHA DO LEITE,1,CENTRO,"R. Joaquim de Brito, 123 - Boa Vista, Recife - PE, 50070-280, Brazil",-8.06210264278334,-34.8926659034695,ILHA DO LEITE
PC DA RUA JUNQUEIRA FREIRE-01,IPSEP,6,SUL,"R. José Pímentel, 184 - Ipsep, Recife - PE, 51190-650, Brazil",-8.1153727,-34.9194676,IPSEP
PC DA RUA PROFESSOR AVERTANO ROCHA-01,TORRÕES,4,OESTE,"R. Dr. Domingos de Abreu Vasconcelos, 183 - Torrões, Recife - PE, 50761-220, Brazil",-8.0668741,-34.9337283,TORROES
PC DA RUA ROSA M MELO-01,IPSEP,6,SUL,"R. Dep. Édson Mouri Fernandes, 46 - Ipsep, Recife - PE, 51350-670, Brazil",-8.1088085,-34.9267839,IPSEP
PC DA RUA VARZEA AGAPE-01,VARZEA,4,OESTE,"R. Estevão de Sá, 10 - Várzea, Recife - PE, 50740-270, Brazil",-8.0363121,-34.9466471,VARZEA
PC DA VITORIA-01,AREIAS,5,SUDESTE,"R. Cap. Gregório de Albuquerque, 687 - Areias, Recife - PE, 50870-260, Brazil",-8.0941815,-34.9342371,AREIAS
PC DAS CRIANCAS-01,AREIAS,5,SUDESTE,"R. Cap. Paulo Teixeira, 31 - Areias, Recife - PE, 50870-330, Brazil",-8.09871570109981,-34.9335568757177,AREIAS
PC DE APIPUCOS-01,APIPUCOS,3,,"R. de Apipucos, 521 - Apipucos, Recife - PE, 52071-640, Brazil",-8.0234581,-34.9306012,APIPUCOS
PC DE CAMPO GRANDE-01,CAMPO GRANDE,2,NORTE,"Praça de Campo Grande, 32 - Campo Grande, Recife - PE, 52031-001, Brazil",-8.0323628443499,-34.8780287252014,CAMPO GRANDE
PC DE TODOS OS SANTOS,IBURA,6,SUL,"R. Ilhéus, 74 - COHAB, Recife - PE, 51340-410, Brazil",-8.1211838,-34.9536334,IBURA
PC DERBY-01,DERBY,3,NOROESTE,"Praça do Derby, 18031 - Derby, Recife - PE, 52010-140, Brazil",-8.05689714666578,-34.8987796588849,DERBY
PC DERBY-02,DERBY,3,NOROESTE,"Av. Agamenon Magalhães Pista Local - Praça do Derby. Derby - Derby, Recife - PE, 52021-170, Brazil",-8.05722906659953,-34.8985061146748,DERBY
PC DERBY-03,DERBY,3,NOROESTE,"Av. Gov. Agamenon Magalhães, 256 - Espinheiro, Recife - PE, 52010-075, Brazil",-8.05608706757774,-34.8984214577622,DERBY
PC DERBY-04,DERBY,3,NOROESTE,"Praça do Derby, 1 - Derby, Recife - PE, 52010-140, Brazil",-8.05604648109326,-34.8999517887704,DERBY
PC DESEMBARGADOR XAVIER PAES BARRETO,IPSEP,6,SUL,"R. Vicente Licínio, 47 - Ipsep, Recife - PE, 51190-690, Brazil",-8.1177614,-34.9205099,IPSEP
PC DESENHISTA EULINO SANTOS-01,ARRUDA,2,NORTE,"R. da Regeneração, 205 B - Água Fria, Recife - PE, 52120-300, Brazil",-8.02264008184245,-34.8831568910568,ARRUDA
PC DIARIO-01,SANTO ANTONIO,1,CENTRO,"Av. Dantas Barreto, 91 - Santo Antônio, Recife - PE, 50010-360, Brazil",-8.06441428225501,-34.878461826738,SANTO ANTONIO
PC DO BOM PASTOR-01,IPUTINGA,4,OESTE,"Praça Bom Pastor, 1320 - Iputinga, Recife - PE, 50670-630, Brazil",-8.04859776367154,-34.9402177945857,IPUTINGA
PC DO CAMPO SANTO-01,SANTO AMARO,1,CENTRO,"Baobá de Iansã - Praça do Campo Santo - Santo Amaro, Recife - PE, 52120-092, Brazil",-8.0498943419271,-34.882511419276,SANTO AMARO
PC DO COLEGIO JARBAS PERNAMBUCANO-01,CAJUEIRO,2,NORTE,"Praça Tobias Vitórino da Silva, 30 - Cajueiro, Recife - PE, 52221-140, Brazil",-8.01249499548778,-34.8864642513013,CAJUEIRO
PC DO ESCORREGO-01,COHAB,6,SUL,"R. Rio Arinos, 2-42 - COHAB, Recife - PE, 51280-220, Brazil",-8.1176165,-34.9468895,COHAB
PC DO FINADO LEITEIRO-01,COHAB,6,SUL,"R. Serra Bonga, 92 - COHAB, Recife - PE, 51290-160, Brazil",-8.11974332750506,-34.9472680105899,COHAB
PC DO FUNDAO-01,FUNDÃO,2,NORTE,"Av. Beberibe, 2759 - Fundão, Recife - PE, 52130-135, Brazil",-8.0146097,-34.8898762,FUNDAO
PC DO INTERNACIONAL-01,MADALENA,4,OESTE,"R. Benfica, 39 - Madalena, Recife - PE, 50720-001, Brazil",-8.05784798,-34.9041856,MADALENA
PC DO MONTEIRO (COHAB)-01,COHAB,6,SUL,"Rua Sargento Rúbens Leite, 163 - COHAB, Recife - PE, 51300-240, Brazil",-8.1274858,-34.9457903,COHAB
PC DO ROSARIO-01,VARZEA,4,OESTE,"R. João Fernandes Viêira, 447 - Boa Vista, Recife - PE, 50050-215, Brazil",-8.05629834005433,-34.8899887435849,VARZEA
PC DOM DIOGO CAMARAO-01,CORDEIRO,4,OESTE,"R. Doná Antônia Bezerra, 15 - Cordeiro, Recife - PE, 50640-250, Brazil",-8.0601913,-34.9286938,CORDEIRO
PC DOM JOSE PEREIRA ALVES,CORDEIRO,4,OESTE,"R. Dom José Pereira Alves, 105 - Cordeiro, Recife - PE, 50721-020, Brazil",-8.0492099,-34.9253704,CORDEIRO
PC DOM MIGUEL VALVERDE (PQ DA INFANCIA)-01,ENCRUZILHADA,2,NORTE,"R. Prof. Otávio de Freitas, 370 - Encruzilhada, Recife - PE, 52041-120, Brazil",-8.03359916620341,-34.8926626402169,ENCRUZILHADA
PC DOM MIGUEL VALVERDE (PQ DA INFANCIA)-02,ENCRUZILHADA,2,NORTE,"R. Prof. Otávio de Freitas, 370 - Encruzilhada, Recife - PE, 52041-120, Brazil",-8.03359916620341,-34.8926626402169,ENCRUZILHADA
PC DOMINGOS GIOVANETTI-01,MADALENA,4,OESTE,"R. Padre Anchieta, 25 - Torre, Recife - PE, 50710-432, Brazil",-8.04692703503524,-34.904383538878,MADALENA
PC DONA LINDU-01,BOA VIAGEM,6,SUL,"Dona Lindu - Av. Boa Viagem, s/n - Boa Viagem, Recife - PE, 51030-010, Brazil",-8.14127234409541,-34.9041155531785,BOA VIAGEM
PC DONA LINDU-02,BOA VIAGEM,6,SUL,"Dona Lindu - Av. Boa Viagem, s/n - Boa Viagem, Recife - PE, 51030-010, Brazil",-8.14127234409541,-34.9041155531786,BOA VIAGEM
PC DONA LINDU-03,BOA VIAGEM,6,SUL,"Dona Lindu - Av. Boa Viagem, s/n - Boa Viagem, Recife - PE, 51030-010, Brazil",-8.14127234409541,-34.9041155531787,BOA VIAGEM
PC DOUTOR JULIO CAMPELO,IPUTINGA,4,OESTE,"Rua José Pessoa de Queiroz, 8 - Iputinga, Recife - PE, 50680-240, Brazil",-8.03216038130579,-34.9313702041937,IPUTINGA
PC DR ADOLFO CIRNE-01,BOA VISTA,1,CENTRO,"R. do Hospício, 563 - Boa Vista, Recife - PE, 50050-050, Brazil",-8.0580628,-34.8835213,BOA VISTA
PC DR FERNANDO FIGUEIRA-01,ILHA DO LEITE,1,CENTRO,"R. Minas Gerais, 5a - Ilha do Leite, Recife - PE, 50070-400, Brazil",-8.06495323815321,-34.8932252212764,ILHA DO LEITE
PC DR JOSE DE MELO-01,PARNAMIRIM,3,NOROESTE,"R. Sebastião Malta Arcoverde, 160 - Parnamirim, Recife - PE, 52060-070, Brazil",-8.0332201,-34.9075393,PARNAMIRIM
PC DR JOSE VILELA-01,PARNAMIRIM,3,NOROESTE,"Av. Dezessete de Agosto, 436 - Parnamirim, Recife - PE, 52060-590, Brazil",-8.0358682,-34.9131731,PARNAMIRIM
PC DR LULA CABRAL DE MELO-01,PARNAMIRIM,3,NOROESTE,"Av. Dezessete de Agosto, 436 - Parnamirim, Recife - PE, 52060-590, Brazil",-8.0358682,-34.9131731,PARNAMIRIM
PC DR PEDRO ALVES NETO-01,AGUA FRIA,2,NORTE,"Av. Beberibe, 2759 - Fundão, Recife - PE, 52130-135, Brazil",-8.0146097,-34.8898762,AGUA FRIA
PC DR PEDRO CAVALCANTI-01,TAMARINEIRA,3,NOROESTE,"R. Neto de Mendonça, 165 - Tamarineira, Recife - PE, 52050-100, Brazil",-8.0353469,-34.9003973,TAMARINEIRA
PC ECA DE QUEIROZ-01,MADALENA,4,OESTE,"Monumento da Praça - Praça Eça de Queiroz - Madalena, Recife - PE, 50610-590, Brazil",-8.05054019776173,-34.9071571292742,MADALENA
PC EDUARDO CARDOSO-01,AREIAS,5,SUDESTE,"Praça Eduardo Cardoso - R. Cap. Gregório de Albuquerque - Areias, Recife - PE, 50870-800, Brazil",-8.0964796562122,-34.9311387269831,AREIAS
PC EL SALVADOR-01,JARDIM SAO PAULO,5,SUDESTE,"Elderly Park - Av. São Paulo, 616-628 - Jardim São Paulo, Recife - PE, 50910-250, Brazil",-8.08041640000142,-34.9403244307063,JARDIM SAO PAULO
PC ELVIRA ANDRADE DE SOUZA-01,GRACAS,3,NOROESTE,"R. Souza de Andrade, 5 - Graças, Recife - PE, 52050-252, Brazil",-8.043457,-34.90107,GRACAS
PC ENGENHO DO MEIO-01,ENGENHO DO MEIO,4,OESTE,"R. Antônio Curado, S/N - Engenho do Meio, Recife - PE, 50730-180, Brazil",-8.05699849420371,-34.9425551487816,ENGENHO DO MEIO
PC ENTRONCAMENTO-01,GRACAS,3,NOROESTE,"Praça do Entroncamento, 42 - Graças, Recife - PE, 52011-300, Brazil",-8.05063095367385,-34.897089570167,GRACAS
PC ESMERALDA,COHAB,6,SUL,"R. Engenho Cabuçu, 25 - COHAB, Recife - PE, 51270-370, Brazil",-8.1147853,-34.9468543,COHAB
PC ESPERANCA,ZUMBI,4,OESTE,"R. Caratinga, 62 - Zumbi, Recife - PE, 50720-493, Brazil",-8.0539383,-34.9162271,ZUMBI
PC ESTEVAO DE SA-01,VARZEA,4,OESTE,"Av. Caxangá, 855 - Madalena, Recife - PE, 50720-655, Brazil",-8.03622161858862,-34.9471547502538,VARZEA
PC FACA CEGA,COHAB,6,SUL,"R. Mauá, 20 - COHAB, Recife - PE, 51340-650, Brazil",-8.1201256,-34.95711,COHAB
PC FARIAS NEVES-01,DOIS IRMAOS,3,NOROESTE,"Praça de Dois Irmãos - Dois Irmãos - Dois Irmãos, Recife - PE, 52171-011, Brazil",-8.01567615781538,-34.9440416693687,DOIS IRMAOS
PC FARIAS NEVES-02,DOIS IRMAOS,3,NOROESTE,"Praça de Dois Irmãos - Dois Irmãos - Dois Irmãos, Recife - PE, 52171-011, Brazil",-8.01567615781538,-34.9440416693687,DOIS IRMAOS
PC FER. GALVAO,AREIAS,5,SUDESTE,"Praça Fernando Galvão, 1 - Areias, Recife - PE, 50780-015, Brazil",-8.095108,-34.9389802,AREIAS
PC FILONILA FERREIRA-01,VARZEA,4,OESTE,"R. Riachão, 33 - Várzea, Recife - PE, 50810-100, Brazil",-8.0410039,-34.9566146,VARZEA
PC FLOR DE CHEIRO,COHAB,6,SUL,"R. Mauá, 20 - COHAB, Recife - PE, 51340-650, Brazil",-8.12012709692852,-34.9571194460889,COHAB
PC FLOR DE SANTANA-01,POÇO DA PANELA,3,NOROESTE,"Av. Dezessete de Agosto, 1699 - Parnamirim, Recife - PE, 52060-485, Brazil",-8.0338341,-34.922097,POCO DA PANELA
PC FRANCISCO APOLONIO JORGE SALES-01,SOLEDADE,1,CENTRO,"Av. Oliveira Lima, 1029 - Soledade, Recife - PE, 50050-390, Brazil",-8.0563076704998,-34.8899596263888,SOLEDADE
PC FRANCO GOMES COUTINHO-01,MANGUEIRA,5,SUDESTE,"R. Dr. João Elísio, 241 - Mangueira, Recife - PE, 50820-230, Brazil",-8.077226,-34.9186936,MANGUEIRA
PC GENERAL CARLOS PINTO-01,SANTO AMARO,1,CENTRO,"Praça Gen. Carlos Pinto, 2-38 - Santo Amaro, Recife - PE, 50040-390, Brazil",-8.04036688615677,-34.8721798430563,SANTO AMARO
PC GENERAL EULER-01,IPSEP,6,SUL,"R. Saturnino Meireles, 40 - Ipsep, Recife - PE, 51190-090, Brazil",-8.113733,-34.9219222,IPSEP
PC GER. VILAS BOAS,COHAB,6,SUL,"R. Cupertinio Cintra, 33 - Lagoa Encantada, Recife - PE, 51300-450, Brazil",-8.1313235,-34.9488363,COHAB
PC GETULIO VARGAS-01,CORDEIRO,4,OESTE,"R. Costa Azevedo, 37 - Cordeiro, Recife - PE, 50630-280, Brazil",-8.0537507,-34.9227019,CORDEIRO
PC GOVERNADOR PAULO GUERRA-01,CABANGA,1,CENTRO,"Praça Gov. Paulo Pessoa Guerra, 11 - São José, Recife - PE, 50090-420, Brazil",-8.079007,-34.892124,CABANGA
PC GREGORIO BEZERRA-01,TORRE,4,OESTE,"R. Cantora Clara Nunes, 190 - Torre, Recife - PE, 50711-550, Brazil",-8.04451483587734,-34.914993819446,TORRE
PC HIPODROMO-01,HIPODROMO,2,NORTE,"Rua Fonseca Oliveira, 181 - Hipódromo, Recife - PE, 52041-690, Brazil",-8.03219882116732,-34.8869079351425,HIPODROMO
PC INDUSTRIAL MIGUEL SANTOS,BOA VIAGEM,6,SUL,"R. Pedro Américo Galvão, 28 - Boa Viagem, Recife - PE, 51011-560, Brazil",-8.1017113,-34.8860346,BOA VIAGEM
PC IRMA DOURACI,AFOGADOS,5,SUDESTE,"Av. Manoel Gonçalves da Luz, 680 - Mustardinha, Recife - PE, 50760-830, Brazil",-8.0717366,-34.9183974,AFOGADOS
PC JACAREZINHO-01,CAMPINA DO BARRETO RETO,2,NORTE,"R. Iguatu, 159 - Campina do Barreto, Recife - PE, 52121-030, Brazil",-8.0184703,-34.8828505,CAMPINA DO BARRETO RETO
PC JARDIM AMERICA-01,IPSEP,6,SUL,"R. Itacambira, 57 - Ipsep, Recife - PE, 51350-110, Brazil",-8.10573098690674,-34.9199512838669,IPSEP
PC JARDIM SAO PAULO-01,JARDIM SAO PAULO,5,SUDESTE,"Rua Senador Alberto Pasqualini, 15 - Estância, Recife - PE, 50781-745, Brazil",-8.08144405552198,-34.9380490833797,JARDIM SAO PAULO
PC JENNER DE SOUZA-01,DERBY,3,NOROESTE,"R. Jener de Souza, 584 - Derby, Recife - PE, 52010-040, Brazil",-8.0548191,-34.9002638,DERBY
PC JOAO MIGUEL DE SOUZA JUNIOR-01,ENGENHO DO MEIO,4,OESTE,"R. José dos Santos, 24 - Engenho do Meio, Recife - PE, 50730-040, Brazil",-8.0588205,-34.9457556,ENGENHO DO MEIO
PC JOAO PEREIRA BORGES-01,DERBY,3,NOROESTE,"R. Manoel Caetano, 102 - Derby, Recife - PE, 52010-220, Brazil",-8.0540323,-34.9017982,DERBY
PC JOAO PESSOA DE QUEIROZ-01,TORRÕES,4,OESTE,"R. Dr. Domingos de Abreu Vasconcelos, 226 - Torrões, Recife - PE, 50761-220, Brazil",-8.0671462,-34.932796,TORROES
PC JOAO RIQUE-01,IPUTINGA,4,OESTE,"R. João Rique, 52 - Iputinga, Recife - PE, 50680-370, Brazil",-8.0319545,-34.9319798,IPUTINGA
PC JOCA LEAL-01,CASA AMARELA,3,NOROESTE,"Rua Santa Izabel, 2-6 - Casa Amarela, Recife - PE, 52070-240, Brazil",-8.0266404,-34.9184689,CASA AMARELA
PC JOCKEY CLUBE-01,VARZEA,4,OESTE,"Av. Prof. Moraes Rego, 36 - Várzea, Recife - PE, 50740-425, Brazil",-8.0429444,-34.9438686,VARZEA
PC JORDAO BAIXO-01,JORDAO,6,SUL,"R. Alberto Lundgren, 2 - Jordão, Recife - PE, 51250-320, Brazil",-8.13666094057197,-34.9368679995964,JORDAO
PC JORN FRANCISCO PESSOA DE QUEIROZ-01,SANTANA,3,NOROESTE,"R. Amaraji, 4 - Santana, Recife - PE, 52060-440, Brazil",-8.0388409,-34.9135733,SANTANA
PC JORNALISTA ANTONIO T JUNIOR-01,BOA VIAGEM,6,SUL,"V3CX+53 - Boa Viagem, Recife - State of Pernambuco, 51030-020, Brazil",-8.1295654,-34.9024754,BOA VIAGEM
PC JOSE BONIFACIO-01,ALTO JOSÉ BONIFACIO,3,NOROESTE,"R. Batto Seca, 75 - Alto José Bonifacio, Recife - PE, 52080-300, Brazil",-8.0123774,-34.9140328,ALTO JOSE BONIFACIO
PC JOSE CICALIO-01,AREIAS,5,SUDESTE,"Praça José Cecílio de Lira - R. Cap. Jerônimo Amaral, 142 - Areias, Recife - PE, 50870-090, Brazil",-8.0941406,-34.933374,AREIAS
PC JOSE DA MOTA SILVEIRA-01,MADALENA,4,OESTE,"Av. Beira Rio, 145 - Madalena, Recife - PE, 50610-100, Brazil",-8.05623449086905,-34.9038203097092,MADALENA
PC JOSE MARIA DO NASCIMENTO PARAIBA LIXAO,COHAB,6,SUL,"R. Manduri, 60 - COHAB, Recife - PE, 51340-170, Brazil",-8.1156672,-34.954941,COHAB
PC JOSE SALES FILHO-01,TORRE,4,OESTE,"Av. Beira Rio, 286 - Torre, Recife - PE, 52010-290, Brazil",-8.04495789126588,-34.9047396885263,TORRE
PC JOSEPH SMITH,BOA VIAGEM,6,SUL,"Av. Eng. Domingos Ferreira, 15 - Pina, Recife - PE, 51011-051, Brazil",-8.0967766,-34.8860996,BOA VIAGEM
PC LAGOA DO ARACA-01,IMBIRIBEIRA,6,SUL,"Lagoa do Araçá - Imbiribeira, Recife - PE, 51170-130, Brazil",-8.0926074,-34.9145855,IMBIRIBEIRA
PC LARGO D REGINA-01,NOVA DESCOBERTA,3,NOROESTE,"R. Nova Descoberta, 160 - Nova Descoberta, Recife - PE, 52090-003, Brazil",-8.0185598179306,-34.9261651002701,NOVA DESCOBERTA
PC LARGO DO ENCANTA MOCA-01,BOA VIAGEM,6,SUL,"Largo do Encanta Moça, 103 - Pina, Recife - PE, 51011-120, Brazil",-8.0902461,-34.8860442,BOA VIAGEM
PC LEONARDO DA  VINCI-01,IMBIRIBEIRA,6,SUL,"R. Moacir Albuquerque, 198 - Imbiribeira, Recife - PE, 51170-440, Brazil",-8.0855597,-34.9102658,IMBIRIBEIRA
PC LINS DO REGO-01,IMBIRIBEIRA,6,SUL,"R. Lins do Rêgo, 14 - Imbiribeira, Recife - PE, 51190-600, Brazil",-8.11856,-34.9191644,IMBIRIBEIRA
PC LUIZ AMERICO WILLIANS-01,COHAB,6,SUL,"Av. Engenho Babilônia, 265 - COHAB, Recife - PE, 51270-080, Brazil",-8.1128406,-34.9504799,COHAB
PC LUIZ DE LACERDA-01,IPUTINGA,4,OESTE,"R. Quipapá, 418 - Caxangá, Recife - PE, 50800-080, Brazil",-8.0354734,-34.9429783,IPUTINGA
PC LUIZ GONZAGA-01,COHAB,6,SUL,"Praça 3 Marias - R. Engenho Serra Grande, 70-104 - COHAB, Recife - PE, 51270-060, Brazil",-8.11347037622244,-34.9510133142734,COHAB
PC MACIEL PINHEIRO-01,BOA VISTA,1,CENTRO,"Praça Maciel Pinheiro, 341 - Boa Vista, Recife - PE, 50060-160, Brazil",-8.0622164352656,-34.8857708834521,BOA VISTA
PC MANGUE-01,AFOGADOS,5,SUDESTE,"R. do Mangue, 91 - Afogados, Recife - PE, 50850-022, Brazil",-8.08503169150537,-34.9166009468778,AFOGADOS
PC MANUEL MARKMAN-01,PARNAMIRIM,3,NOROESTE,"R. João Tude de Melo, 78 - Parnamirim, Recife - PE, 52060-010, Brazil",-8.0358389,-34.9096416,PARNAMIRIM
PC MARCELINO CHAMPAGNAT-01,GRACAS,3,NOROESTE,"R. Paulino Gomes de Souza, 136 - Graças, Recife - PE, 52050-250, Brazil",-8.0416854,-34.9005635,GRACAS
PC MARCO ZERO-01,SANTO ANTONIO,1,CENTRO,"Praça Rio Branco, 252 - Recife, PE, 50030-320, Brazil",-8.06341369026816,-34.8713122308254,SANTO ANTONIO
PC MARCO ZERO-02,SANTO ANTONIO,1,CENTRO,"Praça Rio Branco, 1 - Recife, PE, 50030-320, Brazil",-8.06275576183234,-34.8711352801909,SANTO ANTONIO
PC MARIA JOSE DOS SANTOS DONA LIA,AGUA FRIA,2,NORTE,"R. Expedicionário Jamil Dagli, 145 - Campina do Barreto, Recife - PE, 52120-570, Brazil",-8.01775723021075,-34.8875137918739,AGUA FRIA
PC MARIA MADALENA MISTO-01,JARDIM SAO PAULO,5,SUDESTE,"R. Cap. Domingos da Costa, s/n - Areias, Recife - PE, 50870-280, Brazil",-8.09700702108674,-34.9339270243174,JARDIM SAO PAULO
PC MARIA VALDELUCIA-01,AREIAS,5,SUDESTE,"R. João Paulo II, 259 - Areias, Recife - PE, 50780-645, Brazil",-8.10290996795826,-34.9382174406877,AREIAS
PC MARIO LOPES-01,ALTO JOSE DO PINHO,3,NOROESTE,"R. Principal, 59 - Alto José do Pinho, Recife - PE, 52210-050, Brazil",-8.02343215974009,-34.9080630005813,ALTO JOSE DO PINHO
PC MAURICEIA-01,IPSEP,6,SUL,"B - R. Jean Emile Favre, 558 - Imbiribeira, Recife - PE, 51200-060, Brazil",-8.10776577388118,-34.915982134262,IPSEP
PC MELVIN JONES-01,PARNAMIRIM,3,NOROESTE,"R. Sebastião Malta Arcoverde, 160 - Parnamirim, Recife - PE, 52060-070, Brazil",-8.0332201,-34.9075393,PARNAMIRIM
PC MERCIA DE ALBUQUERQUE-01,AREIAS,5,SUDESTE,"R. Cap. Manuel de Águiar, 142 - Areias, Recife - PE, 50870-110, Brazil",-8.09510802434297,-34.932332605198,AREIAS
PC MIGUEL DE CERVANTES-01,ILHA DO LEITE,1,CENTRO,"Praça Miguel de Cervantes, 145 - Ilha do Leite, Recife - PE, 50070-525, Brazil",-8.06703222441911,-34.8938449152119,ILHA DO LEITE
PC MINISTRO JOAO GONCALVES DE SOUZA-01,IPUTINGA,4,OESTE,"R. Borges da Fonseca, 78 - Iputinga, Recife - PE, 50670-550, Brazil",-8.0478788,-34.943701,IPUTINGA
PC MORRO CONCEICAO-01,MORRO DA CONCEICAO,3,NOROESTE,"R. do Morro da Conceição, 408 - Boa Vista, Recife - PE, 52280-040, Brazil",-8.01948481710134,-34.9144528808284,MORRO DA CONCEICAO
PC NOSSA SRA DE LOURDES-01,BARRO,5,SUDESTE,"Vôlei do Bem - R. Padre Tiago Alberione - Barro, Recife - PE, 50780-520, Brazil",-8.09548667809743,-34.943802828854,BARRO
PC NOVAES FILHO-01,CAMPINA DO BARRETO RETO,2,NORTE,"R. Iguatu, 410 - Campina do Barreto, Recife - PE, 52121-030, Brazil",-8.0164041,-34.8820654,CAMPINA DO BARRETO RETO
PC ODALIA FREIRE DOS SANTOS-01,BOA VISTA,1,CENTRO,"Av. Montevidéu, 276 - Boa Vista, Recife - PE, 50050-250, Brazil",-8.0494868,-34.893073,BOA VISTA
PC PADRE ROMANO,JARDIM SAO PAULO,5,SUDESTE,"R. Maria do Carmo Catunda, 111 - Jardim São Paulo, Recife - PE, 50910-270, Brazil",-8.078235,-34.9397829,JARDIM SAO PAULO
PC PAULO FREIRE-01,MADALENA,4,OESTE,"R. Antônio Rabêlo, 47 - Madalena, Recife - PE, 50610-110, Brazil",-8.04911746870104,-34.9050863879988,MADALENA
PC PINTO DAMASIO-01,VARZEA,4,OESTE,"Av. Afonso Olindense, 2070 - Várzea, Recife - PE, 50810-000, Brazil",-8.04910696088613,-34.9595029948104,VARZEA
PC POETA FERNANDO PESSOA-01,DERBY,3,NOROESTE,"Casa De Trânsito da Politica Militar - R. Amaro Bezerra, 372-422 - Derby, Recife - PE, 52010-140, Brazil",-8.05601731445245,-34.9010327239932,DERBY
PC PONTE D UCHOA-01,JAQUEIRA,3,NOROESTE,"Av. Rui Barbosa, 1345 - Graças, Recife - PE, 52050-000, Brazil",-8.04183757998482,-34.9034314082186,JAQUEIRA
PC PQ AMORIM-01,BOA VISTA,1,CENTRO,"Praça Parque Amorim, 34 - Boa Vista, Recife - PE, 50050-280, Brazil",-8.05173686624277,-34.8948702216334,BOA VISTA
PC PROFESSOR AGAMENON MAGALHAES-01,SANTO AMARO,1,CENTRO,"R. Joaquim Rabêlo, 28 - Santo Amaro, Recife - PE, 50110-060, Brazil",-8.0436362,-34.8821134,SANTO AMARO
PC PROFESSOR BARRETO CAMPELLO-01,TORRE,4,OESTE,"Praça Prof. Barreto Campêlo, 900 - Torre, Recife - PE, 50710-290, Brazil",-8.04763672638595,-34.9144518205051,TORRE
PC PROFESSOR BARRETO CAMPELLO-02,TORRE,4,OESTE,"Praça Prof. Barreto Campêlo, 1174 - Torre, Recife - PE, 50710-290, Brazil",-8.04707419946716,-34.9141842453695,TORRE
PC PROFESSOR BARRETO CAMPELLO-02,TORRE,4,OESTE,"Rua Conselheiro Theodoro, 71 - Zumbi, Recife - PE, 50711-030, Brazil",-8.0486955,-34.9150242,TORRE
PC PROFESSOR CALAZANS-01,MADALENA,4,OESTE,"R. Ernâni Braga, 241 - Madalena, Recife - PE, 50610-350, Brazil",-8.05043416557955,-34.910370815336,MADALENA
PC PROFESSOR COELHO DE ALMEIDA-01,IPUTINGA,4,OESTE,"Av. Caxangá, 2689 - Cordeiro, Recife - PE, 50721-000, Brazil",-8.045444,-34.9307848,IPUTINGA
PC PROFESSOR FLEMING-01,JAQUEIRA,3,NOROESTE,"Praça Prof. Fleming, 42 - Jaqueira, Recife - PE, 52050-180, Brazil",-8.0349653,-34.905597,JAQUEIRA
PC PROFESSOR RUTILIO-01,COQUEIRAL,5,SUDESTE,"R. Prof. Rutilho, 98 - Coqueiral, Recife - PE, 50791-040, Brazil",-8.08855429849951,-34.9668242919943,COQUEIRAL
PC PROFESSOR RUTILIO-01,COQUEIRAL,5,SUDESTE,"R. Alcântara, 41 - Coqueiral, Recife - PE, 50920-620, Brazil",-8.08902655631427,-34.9674218752864,COQUEIRAL
PC PROFESSOR TRAJANO-01,TORRE,4,OESTE,"R. Real da Torre, 1400 - Torre, Recife - PE, 50710-100, Brazil",-8.04475476584113,-34.9098948572642,TORRE
PC PROFESSORA ANTONIA GALVAO-01,AGUA FRIA,2,NORTE,"R. Alegre, 261 - Água Fria, Recife - PE, 52120-140, Brazil",-8.0209129,-34.8929739,AGUA FRIA
PC QUARTEL GENERAL-01,BOA VISTA,1,CENTRO,"R. do Hospício, 194 - Boa Vista, Recife - PE, 50060-080, Brazil",-8.05810691517184,-34.8832373074912,BOA VISTA
PC QUITERIA-01,VARZEA,4,OESTE,"R. João Francisco Lisboa, 148 - Várzea, Recife - PE, 50741-100, Brazil",-8.0522801,-34.9562513,VARZEA
PC RADIO JORNAL DO COMERCIO-01,PARNAMIRIM,3,NOROESTE,"Av. Dezessete de Agosto, 436 - Parnamirim, Recife - PE, 52060-590, Brazil",-8.0358682,-34.9131731,PARNAMIRIM
PC RAF. OLIV. ALVES,JARDIM SAO PAULO,5,SUDESTE,"R. S D 5519, 690 - Curado, Recife - PE, 50960-350, Brazil",-8.074124252,-34.945474,JARDIM SAO PAULO
PC RAIZES-01,COHAB,6,SUL,"R. Engenho Bem Querer, 51 - COHAB, Recife - PE, 51270-650, Brazil",-8.1121223,-34.9506496,COHAB
PC REGINALDO ROSSI-01,COELHOS,1,CENTRO,"Largo dos Coelhos, 29 - Coelhos, Recife - PE, 50060-570, Brazil",-8.06852501083981,-34.8896844985969,COELHOS
PC REPUBLICA-01,SANTO ANTONIO,1,CENTRO,"Praça da República, 1642 - Santana, Recife - PE, 50010-040, Brazil",-8.0600252988148,-34.8772408743427,SANTO ANTONIO
PC RIO BRANCO-01,SANTO ANTONIO,1,CENTRO,"Av. Rio Branco, 11 - Recife, PE, 50030-310, Brazil",-8.06302050846071,-34.8715510192142,SANTO ANTONIO
PC RIO CAPIBARIBE,CAMPINA DO BARRETO,2,NORTE,"R. Urca, 54 - Cajueiro, Recife - PE, 52221-360, Brazil",-8.00888157833852,-34.8852726559146,CAMPINA DO BARRETO
PC RODA DE FOGO-01,TORROES,4,OESTE,"Rua Tota Ventura, S/N - Torrões, Recife - PE, 50650-300, Brazil",-8.05821779713664,-34.9373173713684,TORROES
PC ROTARY,IPUTINGA,4,OESTE,"Av. Caxangá, 5362 - Iputinga, Recife - PE, 50800-195, Brazil",-8.0338985,-34.9509215,IPUTINGA
PC RUA ARTUR LICIO-01,PINA,6,SUL,"R. Artur Lício, 336 - Pina, Recife - PE, 51011-150, Brazil",-8.09292844988867,-34.8886823804638,PINA
PC RUA DO MARUIM-01,SAO JOSE,1,CENTRO,"R. Interlândia, 80 - São José, Recife - PE, 50090-610, Brazil",-8.07680372891474,-34.9000325203269,SAO JOSE
PC RUA DO NASCENTE-01,TOTO,5,SUDESTE,"R. do Nascente, 457 - Jardim São Paulo, Recife - PE, 50940-200, Brazil",-8.08230174244796,-34.9664111626769,TOTO
PC RUA JOSE AUGUSTO DE BARROS,JIQUIA,5,SUDESTE,"Rua Dr. Rinaldo Victor Fernandes, 103 - Jiquiá, Recife - PE, 50771-250, Brazil",-8.08742896833832,-34.9237433055793,JIQUIA
PC SABERE-01,VARZEA,4,OESTE,"R. Emetério Maciel, 221 - Várzea, Recife - PE, 50740-120, Brazil",-8.0370714,-34.9524111,VARZEA
PC SALGUEIRO-01,IPUTINGA,4,OESTE,"Condomínio do Edifício Rio Ica - Praça Salgueiro, 66 - Iputinga, Recife - PE, 50670-200, Brazil",-8.0426674,-34.9384753,IPUTINGA
PC SAN MARTIN-01,SAN MARTIN,5,SUDESTE,"R. Vinte e Um de Abril - San Martin, Recife - PE, 53160-635, Brazil",-8.0710251902628,-34.9288115932544,SAN MARTIN
PC SANTA LUCIA (IPUTINGA)-01,IPUTINGA,4,OESTE,"Av. Maurício de Nassau, 28c - Iputinga, Recife - PE, 50731-490, Brazil",-8.0388518,-34.9301398,IPUTINGA
PC SANTA LUZIA (COHAB)-01,COHAB,6,SUL,"R. Manduri, 60 - COHAB, Recife - PE, 51340-170, Brazil",-8.11570275433707,-34.9549210789731,COHAB
PC SAO JOSE DOS MANGUINHOS,GRACAS,3,NOROESTE,"Av. Rui Barbosa, 412 - Graças, Recife - PE, 52011-040, Brazil",-8.04820258342031,-34.8989706774738,GRACAS
PC SAO PEDRO,BRASILIA TEIMOSA,6,SUL,"R. Brazopolis, 62 - Brasília Teimosa, Recife - PE, 51010-220, Brazil",-8.0889241,-34.8810261,BRASILIA TEIMOSA
PC SATURNINO DE BRITO-01,CABANGA,1,CENTRO,"Av. Saturnino de Brito, 392-444 - São José - Cabanga, Recife - PE, 50090-310, Brazil",-8.0794939,-34.8929958,CABANGA
PC SEMENTES DO AMANHA-01,CAMPINA DO BARRETO,2,NORTE,"Av. Sebastião Salazar, 600 - Cajueiro, Recife - PE, 52221-175, Brazil",-8.0113709,-34.883766,CAMPINA DO BARRETO
PC SIMAO BORBA-01,AREIAS,5,SUDESTE,"R. Severino Glacês, 74 - Areias, Recife - PE, 50860-220, Brazil",-8.09629342264129,-34.9247607910557,AREIAS
PC SITIO BENVENUTO-01,SAN MARTIN,5,SUDESTE,"Rua Jupiáçara, 49 - San Martin, Recife - PE, 50761-610, Brazil",-8.0751722,-34.9250421,SAN MARTIN
PC SITIO DAS PALMEIRAS-01,ENGENHO DO MEIO,4,OESTE,"R. Álvaro Teixeira de Mesquita, 1557 - Engenho do Meio, Recife - PE, 50730-660, Brazil",-8.0512119,-34.9392191,ENGENHO DO MEIO
PC SOLANEA,COHAB,6,SUL,"Praça Do Axé - R. Mundaú, 2-34 - COHAB, Recife - PE, 51340-020, Brazil",-8.1165363,-34.9536798,COHAB
PC SOLANGE PINTO MELO-01,MADALENA,4,OESTE,"R. Real da Torre, 473 - Madalena, Recife - PE, 50610-000, Brazil",-8.05280709276596,-34.9087223980883,MADALENA
PC SOUTO FILHO-01,JAQUEIRA,3,NOROESTE,"Rua Hoel Sette, 130 - Jaqueira, Recife - PE, 52050-090, Brazil",-8.0359571,-34.9032066,JAQUEIRA
PC TA APRU PASSARINHO-01,PASSARINHO,3,NOROESTE,"Estrada do Passarinho, 35 - Passarinho, Recife - PE, 53170-110, Brazil",-7.97989269991971,-34.9178089535981,PASSARINHO
PC TAXISTA-01,IBURA,6,SUL,"Ladeira da Cohab, 2-6 - COHAB, Recife - PE, 51290-010, Brazil",-8.11839249565427,-34.9462079477353,IBURA
PC TEJIPIO-01,TEJIPIO,5,SUDESTE,"69 - Tejipio, Recife - PE, 50930-100, Brazil",-8.09183455663497,-34.9644368844208,TEJIPIO
PC TOBIAS VITORINO DA SILVA-01,CAJUEIRO,2,NORTE,"R. Barão de Tracunhaém, 35 - Cajueiro, Recife - PE, 52221-220, Brazil",-8.01258946157423,-34.8865235956605,CAJUEIRO
PC TOURAO-01,AREIAS,5,SUDESTE,"R. Parente Viana, 396 - Jiquiá, Recife - PE, 50860-020, Brazil",-8.09679895547675,-34.9247489689138,AREIAS
PC TRABALHO-01,CASA AMARELA,3,NOROESTE,"Av. Norte Miguel Arraes de Alencar, 1655 - Casa Amarela, Recife - PE, 52021-000, Brazil",-8.0229728765079,-34.9143774221933,CASA AMARELA
PC TRAVESSA PRINCIPE DA BEIRA-01,ESTANCIA,5,SUDESTE,"1A Travessa Príncipe da Beira, 98 - Jiquiá, Recife - PE, 50771-400, Brazil",-8.0894206910684,-34.9266475961654,ESTANCIA
PC TREZE DE JUNHO-01,ROSARINHO,2,NORTE,"Av. Prof. José dos Anjos, 2002 - Arruda, Recife - PE, 52041-740, Brazil",-8.0277898,-34.8931422,ROSARINHO
PC ULISSES LEON DE OLIVEIRA-01,HIPODROMO,2,NORTE,"R. Me. Rosa Gatorno, 214 - Hipódromo, Recife - PE, 52041-650, Brazil",-8.0292376,-34.8894064,HIPODROMO
PC UR1-01,IBURA,6,SUL,"R. Ten. João Maurício Campos, 11 - COHAB, Recife - PE, 51290-212, Brazil",-8.12125901935148,-34.9459916991114,IBURA
PC USF PLAN DOS MACACOS-01,JARDIM SAO PAULO,5,SUDESTE,"R. Quatro de Setembro, 145 - Curado, Recife - PE, 50790-405, Brazil",-8.08164172911769,-34.9535672607185,JARDIM SAO PAULO
PC VILA DO MOINHO RECIFE-01,CURADO,5,SUDESTE,"R. Domingos Bastos, 108 - Encruzilhada, Recife - PE, 52030-020, Brazil",-8.0373997,-34.8886301,CURADO
PC VILA UNIAO-01,IPUTINGA,4,OESTE,"R. Nova Aliança, s/n - Iputinga, Recife - PE, 50680-280, Brazil",-8.03083368846159,-34.9327656626701,IPUTINGA
PC VIRGILIO DE OLIVEIRA-01,POÇO DA PANELA,3,NOROESTE,"R. Virgílio de Oliveira, 235 - Poço da Panela, Recife - PE, 52061-280, Brazil",-8.0376506,-34.9229865,POCO DA PANELA
PC VISCONDE DE MAUA-01,SANTO ANTÔNIO,1,CENTRO,"PE-008, 460 - São José, Recife - PE, 50020-120, Brazil",-8.0678389,-34.8822856,SANTO ANTONIO
PC VITORIA DO POVO,COHAB,6,SUL,"R. Jordânia, 10 - Ibura, Recife - PE, 51280-110, Brazil",-8.1181363,-34.9460172,COHAB
PC ZEPELLIN-01,ESTANCIA,5,SUDESTE,"PE-007, 2117 - Afogados, Recife - PE, 50850-275, Brazil",-8.0833784842509,-34.9249605567793,ESTANCIA
PC. CAMPO DE  PELADA,IMBIRIBEIRA,6,SUL,"R. Moacir Albuquerque, 198 - Imbiribeira, Recife - PE, 51170-440, Brazil",-8.0855597,-34.9102658,IMBIRIBEIRA
PC. DA RUA ARQ LUIZ NUNES,IMBIRIBEIRA,6,SUL,"R. Olívia Menelau, 620 - Imbiribeira, Recife - PE, 51170-110, Brazil",-8.0892414,-34.9105011,IMBIRIBEIRA
PC. DOS GUERREIROS,IBURA,6,SUL,"Av. Rio São Francisco, 461-523 - Cohab - COHAB, Recife - PE, 54365-310, Brazil",-8.1151061,-34.9504895,IBURA
PCA DA RUA JOSE PIMENTEL,IPSEP,6,SUL,"Praça Vicente Antunes - R. Fernando Ferrari, 59 - Ipsep, Recife - PE, 51190-170, Brazil",-8.1145696,-34.9185314,IPSEP
PCA DA RUA PINHEIRO MACHADO,IBURA,6,SUL,"R. Eng. Henrique Marques Lins, 5 - COHAB, Recife - PE, 51320-160, Brazil",-8.1342504,-34.9513986,IBURA
PCA DA RUA QUINTINO BOCAIUVA,IPSEP,6,SUL,"R. José Pímentel, 184 - Ipsep, Recife - PE, 51190-650, Brazil",-8.1153727,-34.9194676,IPSEP
PCA DO IML,COHAB,6,SUL,"R. Engenho Mameluco, 24 - COHAB, Recife - PE, 51270-270, Brazil",-8.1129226,-34.9495644,COHAB
PCA QUINZE DE SETEMBRO,IMBIRIBEIRA,6,SUL,"R. Felipe de Oliveira, 51-99 - Imbiribeira, Recife - PE, 51190-530, Brazil",-8.117055,-34.9171514,IMBIRIBEIRA
PQ 13 DE MAIO-01,SANTO AMARO,1,CENTRO,"PE-009, 305 - Santo Amaro, Recife - PE, 50030-230, Brazil",-8.05675327391821,-34.8815795699842,SANTO AMARO
PQ 13 DE MAIO-02,SANTO AMARO,1,CENTRO,"PE-009, 305 - Santo Amaro, Recife - PE, 50030-230, Brazil",-8.05675327391821,-34.8815795699843,SANTO AMARO
PQ 13 DE MAIO-03,SANTO AMARO,1,CENTRO,"PE-009, 305 - Santo Amaro, Recife - PE, 50030-230, Brazil",-8.05675327391821,-34.8815795699844,SANTO AMARO
PQ 13 DE MAIO-04,SANTO AMARO,1,CENTRO,"PE-009, 305 - Santo Amaro, Recife - PE, 50030-230, Brazil",-8.05675327391821,-34.8815795699845,SANTO AMARO
PQ BAOBA-01,GRACAS,3,NOROESTE,"R. Antônio Célso Uchôa Cavalcante, 70 - Graças, Recife - PE, 52050-002, Brazil",-8.04147097882193,-34.9043417572647,GRACAS
PQ BAOBA-02,GRACAS,3,NOROESTE,"R. Antônio Célso Uchôa Cavalcante, 70 - Graças, Recife - PE, 52050-002, Brazil",-8.04147097882193,-34.9043417572647,GRACAS
PQ CAIARA-01,IPUTINGA,4,OESTE,"Parque do Caiara - Tv. Dr. José Anastácio da Silva Guimarães - Iputinga, Recife - PE, 50731, Brazil",-8.0387408612533,-34.9278700774921,IPUTINGA
PQ CAIARA-02,IPUTINGA,4,OESTE,"Parque do Caiara - Tv. Dr. José Anastácio da Silva Guimarães - Iputinga, Recife - PE, 50731, Brazil",-8.0386047435782,-34.927824359346,IPUTINGA
PQ DE APIPUCOS-01,MONTEIRO,3,NOROESTE,"R. de Apipucos, 521 - Apipucos, Recife - PE, 52071-640, Brazil",-8.0234581,-34.9306012,MONTEIRO
PQ ESCULTURAS-01,BRASILIA TEIMOSA,6,SUL,"Av Dr Zenilton Elias da Silva Douétts, Recife - PE, 50030-230, Brazil",-8.06394906512959,-34.8691446359157,BRASILIA TEIMOSA
PQ GRACAS-01,GRACAS,3,NOROESTE,"Graças Park Lucia Moura - R. Medeiros e Albuquerque - Graças, Recife - PE, 50050-290, Brazil",-8.04680440125875,-34.9028258883557,GRACAS
PQ GRACAS-02,GRACAS,3,NOROESTE,"Graças Park Lucia Moura - R. Medeiros e Albuquerque - Graças, Recife - PE, 50050-290, Brazil",-8.04687220536288,-34.9028910726103,GRACAS
PQ JAQUEIRA-01,JAQUEIRA,3,NOROESTE,"X37W+F4 - Jaqueira, Recife - PE, 50050-290, Brazil",-8.03644292037629,-34.9045354127884,JAQUEIRA
PQ JAQUEIRA-02,JAQUEIRA,3,NOROESTE,"R. do Futuro, 1023 - Espinheiro, Recife - PE, 51020-001, Brazil",-8.0364078227174,-34.9044981825203,JAQUEIRA
PQ JAQUEIRA-03,JAQUEIRA,3,NOROESTE,"X37W+F4 - Jaqueira, Recife - PE, 52050-180, Brazil",-8.03590368080999,-34.9046292888876,JAQUEIRA
PQ JAQUEIRA-04,JAQUEIRA,3,NOROESTE,"R. do Futuro, 1100 - Jaqueira, Recife - PE, 52050-010, Brazil",-8.03681795000618,-34.9039012733295,JAQUEIRA
PQ JAQUEIRA-05,JAQUEIRA,3,NOROESTE,"Administração Parque da Jaqueira - R. Dep. Pedro Pires Ferreira - Jaqueira, Recife - PE, 52050-480, Brazil",-8.0372882703768,-34.9040122513109,JAQUEIRA
PQ JAQUEIRA-06,JAQUEIRA,3,NOROESTE,"X37W+F4 - Jaqueira, Recife - PE, 50050-290, Brazil",-8.03701574835932,-34.9046869974379,JAQUEIRA
PQ JAQUEIRA-07,JAQUEIRA,3,NOROESTE,"X37W+F4 - Jaqueira, Recife - PE, 50050-290, Brazil",-8.03662015155661,-34.9049755401896,JAQUEIRA
PQ JAQUEIRA-08,JAQUEIRA,3,NOROESTE,"X37W+F4 - Jaqueira, Recife - PE, 50050-290, Brazil",-8.03639158433926,-34.9051664223176,JAQUEIRA
PQ MACAXEIRA-01,MACAXEIRA,3,NOROESTE,"Av. Norte Miguel Arraes de Alencar, 7695 - Macaxeira, Recife - PE, 52071-035, Brazil",-8.01505249131548,-34.9321824892079,MACAXEIRA
PQ MACAXEIRA-02,MACAXEIRA,3,NOROESTE,"Av. Norte Miguel Arraes de Alencar, 7769 - Macaxeira, Recife - PE, 52071-035, Brazil",-8.01385120330498,-34.932333418266,MACAXEIRA
PQ MACAXEIRA-03,MACAXEIRA,3,NOROESTE,"R. Cel. João Batista do Rêgo Barros, 70 - Apipucos, Recife - PE, 52071-355, Brazil",-8.01649205364217,-34.9316514226112,MACAXEIRA
PQ POCO DA PANELA,POÇO DA PANELA,3,NOROESTE,"Estr. Real do Poço, 494 - Poço da Panela, Recife - PE, 52061-200, Brazil",-8.03641578397017,-34.9248915093217,POCO DA PANELA
PQ SANTANA-01,SANTANA,3,NOROESTE,"R. Dr. Saulo Suassuna, 158 - Santana, Recife - PE, 52060-540, Brazil",-8.04172398198604,-34.917100896944,SANTANA
PQ SANTANA-02,SANTANA,3,NOROESTE,"Terminal de Santana - Santana - Santana, Recife - PE, 52060-530, Brazil",-8.04135936721833,-34.9174200388027,SANTANA
PQ SANTANA-03,SANTANA,3,NOROESTE,"R. Dr. Saulo Suassuna, 158 - Santana, Recife - PE, 52060-540, Brazil",-8.04112788929926,-34.9165923436191,SANTANA
PQ VICENTE ANDRE GOMES-01,NOVA DESCOBERTA,3,NOROESTE,"R. Paraisópolis, 125 - Nova Descoberta, Recife - PE, 52081-300, Brazil",-8.0193133,-34.9248459,NOVA DESCOBERTA
PQ. INFANTIL WALT DISNEY,BOA VIAGEM,6,SUL,"Condomínio do Edificio Veleiro - R. Zeferino Galvão, 68 - Boa Viagem, Recife - PE, 51111-110, Brazil",-8.1075936,-34.8889076,BOA VIAGEM
PRACA ALFREDO PINTO,AREIAS,5,SUDESTE,"R. Goiânia, 23 - Areias, Recife - PE, 50780-140, Brazil",-8.0939475,-34.9371307,AREIAS
PRACA ANGELICA-01,CORDEIRO,4,OESTE,"Praça Angélica - R. Angélica, 100 - Cordeiro, Recife - PE, 50721-710, Brazil",-8.0536018,-34.9315695,CORDEIRO
PRACA ANIBAL FERNANDES,AREIAS,5,SUDESTE,"R. Cap. Estevão Fernandes, 138 - Areias, Recife - PE, 50870-020, Brazil",-8.0931343,-34.9304058,AREIAS
PRACA CAIXITO,VARZEA,4,OESTE,"R. Flora Rica, 308 - San Martin, Recife - PE, 50761-390, Brazil",-8.07395812736628,-34.9308541134954,VARZEA
PRACA CAPIBA - GRACAS,GRAÇAS,3,NOROESTE,"Rua Edgar D'Amorim, 97a - Aflitos, Recife - PE, 52050-003, Brazil",-8.04375579211318,-34.8979449016815,GRACAS
PRACA CARLOS DUARTE-01,SANTO AMARO,1,CENTRO,"R. do Veiga, 32a - Santo Amaro, Recife - PE, 50040-110, Brazil",-8.0529827,-34.8795947,SANTO AMARO
PRACA CARMELA DUTRA,AFOGADOS,5,SUDESTE,"R. Gen. Souza Doca, 13 - Afogados, Recife - PE, 50850-060, Brazil",-8.0785918,-34.9149043,AFOGADOS
PRACA CIRC ALTO DO JORDAO,JORDÃO,6,SUL,"R. Petrolândia, 96 - Jordão, Recife - PE, 51260-350, Brazil",-8.1357658,-34.9437636,JORDAO
PRACA COSME VIANA-01,AFOGADOS,5,SUDESTE,"R. Padre Teófilo Tworz, 447 - Afogados, Recife - PE, 50830-235, Brazil",-8.0654293,-34.9088993,AFOGADOS
PRACA DA ALEGRIA,BOA VISTA,1,CENTRO,"R. da Alegria, 307 - Boa Vista, Recife - PE, 50060-260, Brazil",-8.0637085,-34.8869896,BOA VISTA
PRACA DA AVENIDA ROBERT KENNEDY,IMBIRIBEIRA,6,SUL,"Robert Kennedy / Da Juventude - Av. Senador Robert Kennedy, S/N - Ipsep, Recife - PE, 51190-570, Brazil",-8.11649030514809,-34.9186492874862,IMBIRIBEIRA
PRACA DA CAVALARIA,SAN MARTIN,5,SUDESTE,"R. Delmiro Gouvêia, 330 - San Martin, Recife - PE, 50761-265, Brazil",-8.0639055,-34.9299252,SAN MARTIN
PRACA DA PAZ-01,AFOGADOS,5,SUDESTE,"R. Maria Pereira de Lucena, 1 - Afogados, Recife - PE, 50770-280, Brazil",-8.0805163,-34.9063358,AFOGADOS
PRACA DA RUA JOAO GUILHERME-01,IPSEP,6,SUL,"R. José Pímentel, 184 - Ipsep, Recife - PE, 51190-650, Brazil",-8.1153727,-34.9194676,IPSEP
PRACA DEZESSETE-01,SANTO ANTONIO,1,CENTRO,"Rua Imperador Pedro Segundo, 512 - Santo Antônio, Recife - PE, 50010-240, Brazil",-8.06526731610246,-34.8767206885567,SANTO ANTONIO
PRACA DEZESSETE-02,SANTO ANTONIO,1,CENTRO,"Av. Martins de Barros, 511 - Santo Antônio, Recife - PE, 50010-230, Brazil",-8.06512702121264,-34.8763821315,SANTO ANTONIO
PRACA DO  CHIE-02,IPSEP,6,SUL,"R. Rio Jaratuba, 25 - Ipsep, Recife - PE, 51350-150, Brazil",-8.10498164426247,-34.9224650785749,IPSEP
PRACA DO BAMBU-01,IBURA,6,SUL,"R. Diamantino, 150 - COHAB, Recife - PE, 51340-550, Brazil",-8.1218687,-34.9545022,IBURA
PRACA DO CHIE-01,IPSEP,6,SUL,"R. Blumenau, 18 - Ipsep, Recife - PE, 51350-190, Brazil",-8.10540117445477,-34.9221754390659,IPSEP
PRACA DO COQUE-01,JOANA BEZERRA,1,CENTRO,"Pte. José de Barros Lima, 1002 - Ilha Joana Bezerra, Recife - PE, 50030-230, Brazil",-8.06977428266961,-34.8971016625824,JOANA BEZERRA
PRACA DO JACARE,IMBIRIBEIRA,6,SUL,"Rua Edward Jenner, 8 - Imbiribeira, Recife - PE, 51190-540, Brazil",-8.118206,-34.9178001,IMBIRIBEIRA
PRACA DO PARAISO,AFOGADOS,5,SUDESTE,"Rua 5 de Novembro, 177 - Afogados, Recife - PE, 50770-310, Brazil",-8.0811558,-34.9085507,AFOGADOS
PRACA DO S ,COHAB,6,SUL,"Av. Mato Grosso, 212 - COHAB, Recife - PE, 51290-400, Brazil",-8.1221621,-34.9469576,COHAB
PRACA DO SENA,AREIAS,5,SUDESTE,"R. Cap. João Pontes, 92 - Areias, Recife - PE, 50870-290, Brazil",-8.0953083,-34.9337874,AREIAS
PRACA DO TRISTAO,COHAB,6,SUL,"Praça Do Axé - R. Mundaú, 2-34 - COHAB, Recife - PE, 51340-020, Brazil",-8.1165363,-34.9536798,COHAB
PRACA DOM BOSCO,SAN MARTIN,5,SUDESTE,"Rua Mineirolândia, 103 - San Martin, Recife - PE, 50761-620, Brazil",-8.0744196,-34.9272405,SAN MARTIN
PRACA DOM VITAL-01,SÃO JOSÉ,1,CENTRO,"Praça Dom Vital, s/n - bx 73/74 - São José, Recife - PE, 50020-280, Brazil",-8.0686209,-34.8780248,SAO JOSE
PRACA DR PADUA WALFRIDO,AREIAS,5,SUDESTE,"R. Rio Solimões, 190 - Areias, Recife - PE, 50780-231, Brazil",-8.097792,-34.9377745,AREIAS
PRACA GUSTAVO BARROSO,SANTO ANTONIO,1,CENTRO,"R. Bernardo Vieira de Melo, 29 - Recife, PE, 50030-250, Brazil",-8.0590974,-34.8709247,SANTO ANTONIO
PRACA INFANTIL JHON F KENNEDY,CURADO,5,SUDESTE,"R. Itamonte, 75 - Curado, Recife - PE, 50790-440, Brazil",-8.0815091,-34.9557787,CURADO
PRACA ISABEL DE GOES,AREIAS,5,SUDESTE,"R. Cap. Amaro Cerqueira, 195 - Areias, Recife - PE, 50870-360, Brazil",-8.0977086,-34.9339893,AREIAS
PRACA JOAQUIM CARDOSO / DA BIBLIOTECA,AFOGADOS,5,SUDESTE,"Rua Professor Augusto Wanderley Filho, 749 - Afogados, Recife - PE, 50770-320, Brazil",-8.08217973319293,-34.9080075202062,AFOGADOS
PRACA JORNALISTA OTAVIO SARMENTO CARDOSO,VARZEA,4,OESTE,"R. Dr. José Munguba Sobrinho, 234 - Várzea, Recife - PE, 50810-060, Brazil",-8.036994,-34.955928,VARZEA
PRACA JOSE D EMERY CARNEIRO-01,IPSEP,6,SUL,"R. Mal. Craveiro Lopes, 66A - Ipsep, Recife - PE, 51190-280, Brazil",-8.1164769,-34.9209922,IPSEP
PRACA JOSE VIEIRA-01,IMBIRIBEIRA,6,SUL,"R. Manoel Serafim do Couto, 217 - Imbiribeira, Recife - PE, 51150-150, Brazil",-8.0870721,-34.9053025,IMBIRIBEIRA
PRACA MARACANGAIA-01,COHAB,6,SUL,"R. Óbidos, 8 - COHAB, Recife - PE, 51340-090, Brazil",-8.1167054,-34.9548502,COHAB
PRACA MARIA VITALINA GONCALVES DA ROCHA,BONGI,5,SUDESTE,"R. Isaac Markman, 196 - Bongi, Recife - PE, 50751-530, Brazil",-8.064086,-34.9220886,BONGI
PRACA MINISTRO SALGADO FILHO,IBURA,6,SUL,"Av. Mal. Mascarenhas de Morais, 5209 - Boa Viagem, Recife - PE, 51210-001, Brazil",-8.1308653,-34.9161005,IBURA
PRACA MONSENHOR ARRUDA CAMARA-01,AFOGADOS,5,SUDESTE,"R. Antônio Vaz, 187 - Areias, Recife - PE, 50870-040, Brazil",-8.0922987,-34.9313562,AFOGADOS
PRACA MONSENHOR ARRUDA CAMERA,Afogados,5,SUDESTE,"R. Gen. Francisco Figueiroa, 275 - Areias, Recife - PE, 50870-010, Brazil",-8.0928987,-34.9300098,AFOGADOS
PRACA MOVICAR,AREIAS,5,SUDESTE,"Praça Manfredo Nigro - R. Cap. Vicente Moutinho, 87 - Areias, Recife - PE, 50870-100, Brazil",-8.0934645,-34.9325416,AREIAS
PRACA NABOR DO CARMO LOPES,IMBIRIBEIRA,6,SUL,"R. Engenho Camboinha, 459 - Imbiribeira, Recife - PE, 51150-120, Brazil",-8.08908103482138,-34.9057573139129,IMBIRIBEIRA
PRACA NOSSA SENHORA DE FATIMA,SAN MARTIN,5,SUDESTE,"Rua Monsenhor Callou, s/n - San Martin, Recife - PE, 50761-460, Brazil",-8.071997,-34.9305907,SAN MARTIN
PRACA PAULO SILVEIRA DO NASCIMENTO,AFOGADOS,5,SUDESTE,"R. Daniel Antônio Rodrigues, 159 - Afogados, Recife - PE, 50850-360, Brazil",-8.0830037,-34.919635,AFOGADOS
PRACA PEDRO BRANDAO,AREIAS,5,SUDESTE,"R. Jerônimo Inojosa, 45 - Areias, Recife - PE, 50870-390, Brazil",-8.0977024,-34.932052,AREIAS
PRACA PONTE MOTOCOLOMBO,AFOGADOS,5,SUDESTE,"Av. Sul Gov. Cid Sampaio, 7938 - Afogados, Recife - PE, 50770-011, Brazil",-8.0825935,-34.905882,AFOGADOS
PRACA PRESIDENTE KENNEDY,JORDÃO,6,SUL,"n°1 - Tv. Doná Carentina - Jordão, Recife - PE, 51260-050, Brazil",-8.1357333,-34.9390411,JORDAO
PRACA PROFESSOR JERONIMO GUEIROS,JORDÃO,6,SUL,"R. Joraci Camargo, 25 - Jordão, Recife - PE, 51260-170, Brazil",-8.1354554,-34.9400795,JORDAO
PRACA RUA ELIZA LEAL WANDERLEy,IPSEP,6,SUL,"R. Dep. Célso Miranda, 57 - Ipsep, Recife - PE, 51350-470, Brazil",-8.1099114,-34.926611,IPSEP
PRACA SAO BRAZ,AREIAS,5,SUDESTE,"R. Cap. Manuel de Águiar, 53 - Areias, Recife - PE, 50870-110, Brazil",-8.09452404513651,-34.9317650067457,AREIAS
PRACA SAO FRANCISCO  - AMANTE DAS FLORES,IBURA,6,SUL,"R. Jaguaruna, 8 - COHAB, Recife - PE, 51280-160, Brazil",-8.1156000317425,-34.9458752553712,IBURA
PRACA SAO FRANCISCO DE ASSIS,VARZEA,4,OESTE,"R. Sd. José Vivanco, 34 - Várzea, Recife - PE, 50970-060, Brazil",-8.03659505913409,-34.9756703799185,VARZEA
PRACA SARGENTO MAX WOLFF FILHO-01,AFOGADOS,5,SUDESTE,"Rua Sargento Wolff, 172 - Afogados, Recife - PE, 50830-400, Brazil",-8.0710694,-34.9112133,AFOGADOS
PRACA SEBASTIAO PONTES,AREIAS,5,SUDESTE,"R. Cap. Domingos da Costa, 308A - Areias, Recife - PE, 50870-280, Brazil",-8.0973474,-34.9339594,AREIAS
PRACA SELECAO SETENTA,BOA VIAGEM,6,SUL,"Av. Armindo Moura, 45 - Piedade, Jaboatão dos Guararapes - PE, 54315-003, Brazil",-8.1490309,-34.9131846,BOA VIAGEM
PRACA TRES MARIAS-01,COHAB,6,SUL,"Praça 3 Marias - R. Engenho Serra Grande, 70-104 - COHAB, Recife - PE, 51270-060, Brazil",-8.1134492,-34.95105,COHAB
PRACA VISCONDE DE MAUA-02,SANTO ANTÔNIO,1,CENTRO,"Praça Paulo Bernardo - R. Regueira Costa - Rosarinho, Recife - PE, 52041-050, Brazil",-8.0323126,-34.8983957,SANTO ANTONIO
PRACINHA BORBOREMA-01,SETUBAL,6,SUL,"R. Padre Leandro Camelo, 60 - Boa Viagem, Recife - PE, 51130-250, Brazil",-8.14365823272504,-34.9131449502627,SETUBAL
PRACINHA DE BOA VIAGEM-01,BOA VIAGEM,6,SUL,"Rua Dr. Nilo Dornelas Câmara, 16 - Boa Viagem, Recife - PE, 51021-400, Brazil",-8.1318849763062,-34.9008647202629,BOA VIAGEM
PRACINHA DE BOA VIAGEM-02,BOA VIAGEM,6,SUL,"Rua Dr. Nilo Dornelas Câmara, 16 - Boa Viagem, Recife - PE, 51021-400, Brazil",-8.1318849763062,-34.9008647202629,BOA VIAGEM
PRAIA BURACO DA VEIA-01,BRASILIA TEIMOSA,6,SUL,"R. Projetada, 18 - Brasília Teimosa, Recife - PE, 51010-145, Brazil",-8.08024126990912,-34.8767334598593,BRASILIA TEIMOSA
QUADRA MINERVA-01,DOIS UNIDOS,2,NORTE,"R. Aluizio de Souza Bandeira, 83 - Dois Unidos, Recife - PE, 52140-455, Brazil",-7.99890193110259,-34.9076930300773,DOIS UNIDOS
QUADRA POLIESPORTIVA DANCING DAYS-01,IMBIRIBEIRA,6,SUL,"1A Travessa Poeta Manuel Bandeira, 381 - Imbiribeira, Recife - PE, 51170-590, Brazil",-8.10112607468617,-34.9166278070708,IMBIRIBEIRA
QUADRA POLIESPORTIVA UR3-01,UR3,6,SUL,"Av. Engenho Babilônia, 168 - COHAB, Recife - PE, 51270-080, Brazil",-8.11256136435273,-34.9497256616283,UR3
QUEIRA DEUS,TEJIPIO,5,SUDESTE,"R. Queira Deus, 43 - Tejipio, Recife - PE, 50930-180, Brazil",-8.093208,-34.9613346,TEJIPIO
QUIOSQUE 05,BOA VIAGEM,6,SUL,"Av. Boa Viagem, 03 - Boa Viagem, Recife - PE, 51011-000, Brazil",-8.09686388714618,-34.8832101023054,BOA VIAGEM
R. MOEDA,SANTO ANTONIO,1,CENTRO,"R. da Moeda, 140 - Recife, PE, 50030-040, Brazil",-8.0646371139854,-34.873123556677,SANTO ANTONIO
RUA DA AURORA-01,SANTO AMARO,1,CENTRO,"R. da Aurora, 1139 - Santo Amaro, Recife - PE, 50040-090, Brazil",-8.05482788455188,-34.8769999070309,SANTO AMARO
RUA DA GUIA-01,SANTO ANTONIO,1,CENTRO,"R. da Guia, 183 - Recife, PE, 50030-210, Brazil",-8.06128622831147,-34.87168638349,SANTO ANTONIO
RUA DA IMPERATRIZ-01,BOA VISTA,1,CENTRO,"R. Imperatriz Teresa Cristina, s/n - Boa Vista, Recife - PE, 50030-230, Brazil",-8.06305734568075,-34.8838811935993,BOA VISTA
RUA DA IMPERATRIZ-02,BOA VISTA,1,CENTRO,"R. Imperatriz Teresa Cristina, 94 - Boa Vista, Recife - PE, 50060-120, Brazil",-8.06317637744038,-34.8833721966437,BOA VISTA
RUA DA IMPERATRIZ-03,BOA VISTA,1,CENTRO,"R. Imperatriz Teresa Cristina, 227 - Boa Vista, Recife - PE, 50060-120, Brazil",-8.0628957716718,-34.8844008514929,BOA VISTA
RUA MARIZ DE BARROS-01,SANTO ANTONIO,1,CENTRO,"R. da Moeda, 92-166 - Recife, PE, 50030-040, Brazil",-8.06460368403327,-34.8728505952423,SANTO ANTONIO
SITIO DA TRINDADE-01,CASA AMARELA,3,NOROESTE,"Estr. do Arraial, 3265 - Tamarineira, Recife - PE, 52051-380, Brazil",-8.02861069016891,-34.9118417501449,CASA AMARELA
TRAVESSA TIRADENTES-01,SANTO ANTONIO,1,CENTRO,"R. Bernardo Vieira de Melo, 29 - Recife, PE, 50030-250, Brazil",-8.0590974,-34.8709247,SANTO ANTONIO
